-- phpMyAdmin SQL Dump
-- version 5.2.1
-- https://www.phpmyadmin.net/
--
-- ホスト: 127.0.0.1
-- 生成日時: 2026-07-13 06:23:48
-- サーバのバージョン： 10.4.32-MariaDB
-- PHP のバージョン: 8.2.12

SET SQL_MODE = "NO_AUTO_VALUE_ON_ZERO";
START TRANSACTION;
SET time_zone = "+00:00";


/*!40101 SET @OLD_CHARACTER_SET_CLIENT=@@CHARACTER_SET_CLIENT */;
/*!40101 SET @OLD_CHARACTER_SET_RESULTS=@@CHARACTER_SET_RESULTS */;
/*!40101 SET @OLD_COLLATION_CONNECTION=@@COLLATION_CONNECTION */;
/*!40101 SET NAMES utf8mb4 */;

--
-- データベース: `waterpark`
--

-- --------------------------------------------------------

--
-- テーブルの構造 `campaign_banners`
--

CREATE TABLE `campaign_banners` (
  `id` int(11) NOT NULL,
  `title` varchar(255) NOT NULL,
  `image_url` varchar(255) NOT NULL,
  `link_url` varchar(255) DEFAULT NULL,
  `start_at` datetime NOT NULL,
  `end_at` datetime NOT NULL,
  `sort_order` int(11) NOT NULL DEFAULT 0
) ENGINE=InnoDB DEFAULT CHARSET=utf8mb4 COLLATE=utf8mb4_general_ci;

--
-- テーブルのデータのダンプ `campaign_banners`
--

INSERT INTO `campaign_banners` (`id`, `title`, `image_url`, `link_url`, `start_at`, `end_at`, `sort_order`) VALUES
(10, 'お中元・夏ギフト特集', '/images/banners/01bb6ed7-d88c-4dec-899b-ec11cc82c5d6_summer-gift-main.jpg', '/campaign/summerGift', '2026-07-08 15:35:00', '2026-07-14 15:35:00', 1),
(11, '北海道プレミアムセレクション～北の大地の贈り物～', '/images/banners/63f2e6f9-890f-4cfd-a51d-4e69278b9883_hokkaido-premium-main.jpg', '/campaign/hokkaido', '2026-07-08 15:35:00', '2026-07-14 15:35:00', 2),
(15, '紅葉めぐりのドリンクキャンペーン', '/images/banners/ed7ef564-aed9-42f3-8de6-cb08a84e704f_ChatGPT Image 2026年7月10日 10_49_04.jpg', '/campaign/autumn', '2026-07-15 11:17:00', '2026-11-30 11:17:00', 3),
(16, '桜を見るドリンクキャンペーン', '/images/banners/dff3c963-485e-405d-b506-9e6b798e72a4_ChatGPT Image 2026年7月10日 10_46_31.jpg', '/campaign/spring', '2024-03-01 11:18:00', '2024-08-07 11:18:00', 2),
(17, '冬の贈り物ドリンクキャンペーン', '/images/banners/0ac84e0c-737f-42c0-85de-ff04e98c6148_ChatGPT Image 2026年7月10日 10_35_13.jpg', '/campaign/winter', '2026-07-16 11:19:00', '2026-12-25 11:19:00', 0);

-- --------------------------------------------------------

--
-- テーブルの構造 `delivery`
--

CREATE TABLE `delivery` (
  `id` int(11) NOT NULL,
  `last_name` varchar(255) NOT NULL,
  `first_name` varchar(255) NOT NULL,
  `last_name_kana` varchar(255) NOT NULL,
  `first_name_kana` varchar(255) NOT NULL,
  `postal_code` varchar(7) NOT NULL,
  `prefecture` varchar(50) NOT NULL,
  `address1` varchar(255) NOT NULL,
  `address2` varchar(255) DEFAULT NULL
) ENGINE=InnoDB DEFAULT CHARSET=utf8mb4 COLLATE=utf8mb4_general_ci;

--
-- テーブルのデータのダンプ `delivery`
--

INSERT INTO `delivery` (`id`, `last_name`, `first_name`, `last_name_kana`, `first_name_kana`, `postal_code`, `prefecture`, `address1`, `address2`) VALUES
(1, '山田', '花子', 'ヤマダ', 'ハナコ', '4600001', '愛知県', '名古屋市中区栄1-1', '栄マンション301'),
(2, '佐藤', '太郎', 'サトウ', 'タロウ', '0600001', '北海道', '札幌市中央区北1条', '札幌アパート101'),
(3, '鈴木', '真知子', 'スズキ', 'マチコ', '1111111', 'q', 'q', 'q'),
(4, '鈴木', '真知子', 'スズキ', 'マチコ', '1111111', 'q', 'q', 'q'),
(5, '鈴木', '真知子', 'スズキ', 'マチコ', '1111111', 'q', 'q', 'q'),
(6, '鈴木', '真知子', 'スズキ', 'マチコ', '1111111', 'q', 'q', 'q'),
(7, '林', 'a', 'a', 'a', '5000000', 'あ', 'あ', ''),
(8, '鈴木', '真知子', 'スズキ', 'マチコ', '1111111', '岐阜県', '岐阜市ああ町1－1', 'qビル101'),
(9, '鈴木', '真知子', 'スズキ', 'マチコ', '1111111', '岐阜県', '岐阜市ああ町1－1', 'qビル101'),
(10, '田中', '次郎', 'タナカ', 'ジロウ', '1111111', 'a', 'a', 'a'),
(11, '鈴木', '真知子', 'スズキ', 'マチコ', '1111111', '岐阜県', '岐阜市ああ町1－1', 'qビル101'),
(12, '鈴木', '真知子', 'スズキ', 'マチコ', '1111111', '岐阜県', '岐阜市ああ町1－1', 'qビル101'),
(13, '火花', '花火', 'ヒバナ', 'ハナビ', '1111111', '火花県', '花火市火花町', 'ヒバナー'),
(14, 'teru', 'tata', 'テル', 'タタ', '1111', '岐阜県', '各務原市', ''),
(15, 'teru', 'tata', 'テル', 'タタ', '1111', '岐阜県', '各務原市', ''),
(16, '火花', '花火', 'ヒバナ', 'ハナビ', '1111111', '火花県', '花火市火花町', 'ヒバナー'),
(17, '火花', '花火', 'ヒバナ', 'ハナビ', '1111111', '火花県', '花火市火花町', ''),
(18, '火花', '花火', 'ヒバナ', 'ハナビ', '1111111', '火花県', '花火市火花町', 'ヒバナー');

-- --------------------------------------------------------

--
-- テーブルの構造 `django_content_type`
--

CREATE TABLE `django_content_type` (
  `id` int(11) NOT NULL,
  `name` varchar(100) NOT NULL,
  `app_label` varchar(100) NOT NULL,
  `model` varchar(100) NOT NULL
) ENGINE=InnoDB DEFAULT CHARSET=utf8mb4 COLLATE=utf8mb4_general_ci;

--
-- テーブルのデータのダンプ `django_content_type`
--

INSERT INTO `django_content_type` (`id`, `name`, `app_label`, `model`) VALUES
(1, '', 'admin', 'logentry');

-- --------------------------------------------------------

--
-- テーブルの構造 `django_migrations`
--

CREATE TABLE `django_migrations` (
  `id` bigint(20) NOT NULL,
  `app` varchar(255) NOT NULL,
  `name` varchar(255) NOT NULL,
  `applied` datetime(6) NOT NULL
) ENGINE=InnoDB DEFAULT CHARSET=utf8mb4 COLLATE=utf8mb4_general_ci;

--
-- テーブルのデータのダンプ `django_migrations`
--

INSERT INTO `django_migrations` (`id`, `app`, `name`, `applied`) VALUES
(1, 'contenttypes', '0001_initial', '2026-06-29 00:13:08.096351'),
(2, 'auth', '0001_initial', '2026-06-29 00:13:08.107036'),
(3, 'admin', '0001_initial', '2026-06-29 00:13:08.110067'),
(4, 'admin', '0002_logentry_remove_auto_add', '2026-06-29 00:13:08.113526'),
(5, 'admin', '0003_logentry_add_action_flag_choices', '2026-06-29 00:13:08.113526'),
(6, 'contenttypes', '0002_remove_content_type_name', '2026-06-29 00:13:08.113526'),
(7, 'auth', '0002_alter_permission_name_max_length', '2026-06-29 00:13:08.122488'),
(8, 'auth', '0003_alter_user_email_max_length', '2026-06-29 00:13:08.125314'),
(9, 'auth', '0004_alter_user_username_opts', '2026-06-29 00:13:08.127867'),
(10, 'auth', '0005_alter_user_last_login_null', '2026-06-29 00:13:08.130787'),
(11, 'auth', '0006_require_contenttypes_0002', '2026-06-29 00:13:08.134089'),
(12, 'auth', '0007_alter_validators_add_error_messages', '2026-06-29 00:13:08.136754'),
(13, 'auth', '0008_alter_user_username_max_length', '2026-06-29 00:13:08.140229'),
(14, 'auth', '0009_alter_user_last_name_max_length', '2026-06-29 00:13:08.142760'),
(15, 'auth', '0010_alter_group_name_max_length', '2026-06-29 00:13:08.145925'),
(16, 'auth', '0011_update_proxy_permissions', '2026-06-29 00:13:08.148884'),
(17, 'auth', '0012_alter_user_first_name_max_length', '2026-06-29 00:13:08.151958'),
(18, 'sessions', '0001_initial', '2026-06-29 00:13:08.154970');

-- --------------------------------------------------------

--
-- テーブルの構造 `inquiries`
--

CREATE TABLE `inquiries` (
  `id` int(11) NOT NULL,
  `type` varchar(255) NOT NULL,
  `email` varchar(255) NOT NULL,
  `message` text NOT NULL,
  `image_url` varchar(255) DEFAULT NULL,
  `status` varchar(20) NOT NULL,
  `created_at` datetime NOT NULL DEFAULT current_timestamp()
) ENGINE=InnoDB DEFAULT CHARSET=utf8mb4 COLLATE=utf8mb4_general_ci;

--
-- テーブルのデータのダンプ `inquiries`
--

INSERT INTO `inquiries` (`id`, `type`, `email`, `message`, `image_url`, `status`, `created_at`) VALUES
(1, '商品について', 'question_user@example.com', '定期購入を検討していますが、毎月の配送日を指定することは可能でしょうか？', NULL, '対応済み', '2026-06-20 14:30:00'),
(2, '配送について', 'yamada@example.com', '注文した商品の配送先を急遽変更したいため、ご連絡いたしました。', NULL, '対応中', '2026-06-21 11:15:00'),
(3, '製品について', 'suzuki@example.com', 'あいうえお', '', '未対応', '2026-06-23 13:41:34'),
(4, '製品について', 'suzuki@example.com', 'aaa', '', '対応済み', '2026-06-23 13:45:11'),
(5, '製品について', 'suzuki@example.com', 'aa', '', '対応中', '2026-06-25 15:34:10'),
(6, 'その他', 'suzuki@example.com', 'qq', '/images/contacts/71b67a14-6af9-4662-8a56-a63b78ac5854_alkaline_main.jpg', '未対応', '2026-06-30 10:10:12'),
(7, '製品について', 'suzuki@example.com', 'aaa', '/uploads/contacts/58910ad0-a040-417d-8fec-0e5bc01bca59_banner2.jpg', '未対応', '2026-07-09 13:46:35'),
(8, 'その他', 'aaa@aaa.com', '1234', '/uploads/contacts/ChatGPT Image 2026年7月10日 10_49_04.png', '未対応', '2026-07-10 15:04:44'),
(9, '製品について', 'suzuki@example.com', '1111', '', '未対応', '2026-07-10 15:04:58'),
(10, '料金・お支払い', 'suzuki@example.com', 'qqq', '', '未対応', '2026-07-13 11:05:00');

-- --------------------------------------------------------

--
-- テーブルの構造 `news`
--

CREATE TABLE `news` (
  `id` int(11) NOT NULL,
  `title` varchar(255) NOT NULL,
  `content` text NOT NULL,
  `published_at` datetime NOT NULL
) ENGINE=InnoDB DEFAULT CHARSET=utf8mb4 COLLATE=utf8mb4_general_ci;

--
-- テーブルのデータのダンプ `news`
--

INSERT INTO `news` (`id`, `title`, `content`, `published_at`) VALUES
(1, '新商品『奥京都 古都の清流』販売開始のお知らせ', '京都の豊かな自然が育んだ新しい名水がラインナップに加わりました！ぜひ和食やお茶と一緒にお楽しみください。', '2026-06-01 10:00:00'),
(2, 'お盆期間中の配送スケジュールについて', 'いつもご利用いただきありがとうございます。8月13日〜16日までの期間中、一部地域でお届けに遅れが生じる可能性がございます。', '2026-06-15 09:00:00');

-- --------------------------------------------------------

--
-- テーブルの構造 `orders`
--

CREATE TABLE `orders` (
  `id` int(11) NOT NULL,
  `user_id` int(11) NOT NULL,
  `order_date` datetime NOT NULL DEFAULT current_timestamp(),
  `status` varchar(20) NOT NULL,
  `delivery_id` int(11) NOT NULL
) ENGINE=InnoDB DEFAULT CHARSET=utf8mb4 COLLATE=utf8mb4_general_ci;

--
-- テーブルのデータのダンプ `orders`
--

INSERT INTO `orders` (`id`, `user_id`, `order_date`, `status`, `delivery_id`) VALUES
(1, 1, '2026-06-21 10:00:00', '出荷済み', 1),
(2, 2, '2026-06-22 09:15:00', '出荷済み', 2),
(3, 5, '2026-06-21 10:00:00', '出荷済み', 2),
(4, 5, '2026-07-02 14:08:03', '注文完了', 1),
(5, 5, '2026-07-02 14:21:18', '出荷済み', 1),
(6, 5, '2026-07-02 14:26:17', '出荷済み', 1),
(7, 5, '2026-07-02 14:38:04', '出荷準備中', 1),
(8, 5, '2026-07-02 14:40:02', '注文完了', 1),
(9, 5, '2026-07-02 14:40:26', '注文完了', 1),
(10, 6, '2026-07-03 10:42:20', '出荷済み', 1),
(11, 6, '2026-07-06 14:01:28', '出荷準備中', 1),
(12, 6, '2026-07-08 09:42:08', '出荷準備中', 1),
(13, 6, '2026-07-08 11:14:40', '注文完了', 1),
(14, 6, '2026-07-08 11:17:37', '注文完了', 1),
(15, 5, '2026-07-09 13:30:21', '注文完了', 3),
(16, 5, '2026-07-09 13:30:39', '注文完了', 4),
(17, 5, '2026-07-09 13:44:26', '出荷済み', 5),
(18, 5, '2026-07-09 14:26:08', '注文完了', 6),
(19, 7, '2026-07-10 14:08:36', '注文完了', 7),
(20, 5, '2026-07-13 09:39:36', '注文完了', 8),
(21, 5, '2026-07-13 10:34:41', '注文完了', 9),
(22, 4, '2026-07-13 10:38:58', '注文完了', 10),
(23, 5, '2026-07-13 11:08:24', '注文完了', 11),
(24, 5, '2026-07-13 11:09:48', '注文完了', 12),
(25, 16, '2026-07-13 11:30:14', '注文完了', 13),
(26, 17, '2026-07-13 11:36:19', '注文完了', 14),
(27, 17, '2026-07-13 11:39:19', '注文完了', 15),
(28, 16, '2026-07-13 13:01:24', '注文完了', 16),
(29, 16, '2026-07-13 13:04:21', '注文完了', 17),
(30, 16, '2026-07-13 13:11:11', '注文完了', 18);

-- --------------------------------------------------------

--
-- テーブルの構造 `order_details`
--

CREATE TABLE `order_details` (
  `id` int(11) NOT NULL,
  `order_id` int(11) NOT NULL,
  `variant_id` int(11) NOT NULL,
  `desired` datetime DEFAULT NULL,
  `quantity` int(11) NOT NULL,
  `price` int(11) NOT NULL,
  `sum_price` int(11) NOT NULL
) ENGINE=InnoDB DEFAULT CHARSET=utf8mb4 COLLATE=utf8mb4_general_ci;

--
-- テーブルのデータのダンプ `order_details`
--

INSERT INTO `order_details` (`id`, `order_id`, `variant_id`, `desired`, `quantity`, `price`, `sum_price`) VALUES
(1, 1, 1, '2026-06-24 12:00:00', 2, 3600, 7200),
(2, 1, 2, '2026-06-24 12:00:00', 1, 1800, 1800),
(3, 2, 3, '2026-06-26 18:00:00', 1, 3800, 3800),
(4, 3, 1, '2026-06-24 12:00:00', 2, 3600, 7200),
(5, 5, 8, NULL, 1, 5920, 5920),
(6, 6, 5, NULL, 19, 1480, 28120),
(7, 7, 10, NULL, 1, 2738, 2738),
(8, 8, 10, NULL, 1, 2738, 2738),
(9, 9, 6, NULL, 44, 2738, 120472),
(10, 10, 7, NULL, 1, 3200, 3200),
(11, 11, 11, NULL, 1, 2800, 2800),
(12, 12, 402, NULL, 1, 5513, 5513),
(13, 13, 9, NULL, 1, 1480, 1480),
(14, 14, 8, NULL, 1, 5920, 5920),
(15, 15, 395, NULL, 6, 1980, 11880),
(16, 16, 14, NULL, 1, 5180, 5180),
(17, 17, 9, NULL, 4, 1480, 5920),
(18, 18, 314, NULL, 1, 7030, 7030),
(19, 19, 7, NULL, 3, 3200, 9600),
(20, 20, 11, NULL, 1, 2800, 2800),
(21, 21, 21, NULL, 10, 3200, 32000),
(22, 22, 157, NULL, 1, 3800, 3800),
(23, 23, 11, NULL, 1, 2800, 2800),
(24, 24, 29, NULL, 10, 3600, 36000),
(25, 25, 8, NULL, 2, 5920, 11840),
(26, 26, 7, NULL, 1, 3200, 3200),
(27, 27, 189, NULL, 2, 3800, 7600),
(28, 28, 7, NULL, 2, 3200, 6400),
(29, 29, 12, NULL, 1, 5180, 5180),
(30, 30, 11, NULL, 1, 2800, 2800);

-- --------------------------------------------------------

--
-- テーブルの構造 `products`
--

CREATE TABLE `products` (
  `id` int(11) NOT NULL,
  `name` varchar(255) NOT NULL,
  `description` text DEFAULT NULL,
  `created_at` datetime NOT NULL DEFAULT current_timestamp(),
  `hard` varchar(255) DEFAULT NULL,
  `ken` varchar(255) DEFAULT NULL,
  `kinds` varchar(255) DEFAULT NULL,
  `base` varchar(255) DEFAULT NULL,
  `is_recommended` tinyint(1) DEFAULT 0,
  `rank` int(11) DEFAULT NULL
) ENGINE=InnoDB DEFAULT CHARSET=utf8mb4 COLLATE=utf8mb4_general_ci;

--
-- テーブルのデータのダンプ `products`
--

INSERT INTO `products` (`id`, `name`, `description`, `created_at`, `hard`, `ken`, `kinds`, `base`, `is_recommended`, `rank`) VALUES
(1, '日本アルプス 雲上の天然水', '標高3,000m級の北アルプスに降り積もった雪が、何十年もの歳月をかけて天然のフィルターで濾過された、極めて透明度の高い名水です。', '2026-06-22 11:15:19', '軟水(28mg/L)', '長野県', 'ナチュラルミネラルウォーター', '湧水', 1, 1),
(2, '富士山麓 溶岩の恵み', '富士山の豊かな自然が育んだ、バナジウムを豊富に含む天然水。すっきりとした喉越しで、毎日の健康習慣に最適です。', '2026-06-22 11:15:19', '弱軟水(68mg/L)', '静岡県', 'ナチュラルミネラルウォーター', '深井戸水', 0, 2),
(3, '奥京都 古都の清流', '京都の奥座敷、豊かな山林に囲まれた水源から採水。まろやかな口当たりで、日本料理や緑茶の味を最大限に引き立てます。', '2026-06-22 11:15:19', '超軟水(15mg/L)', '京都府', 'ミネラルウォーター', '伏流水', 1, 3),
(4, '非加熱 但馬天然水', '兵庫県の最高峰 氷ノ山の大自然が育んだ、澄み切った味わいの天然水です。', '2026-06-24 10:00:00', '軟水', '兵庫県', '天然水', 'ナチュラルミネラルウォーター', 1, 1),
(5, '財寶温泉 レモン水', 'ほんのり香るレモンフレーバーウォーター。シリア産有機レモン果汁を使用しています。', '2026-06-24 10:00:00', '軟水', '鹿児島県', '温泉水', 'ボトルドウォーター', 1, 2),
(6, '安心・安全 国産長期保存水 ～体にやさしい軟水～', '硬度0の長期保存水。不純物を99.9%取り除いた安心して飲めるピュアな純水です。', '2026-06-24 10:00:00', '軟水', '愛知県', '天然水', 'ボトルドウォーター', 0, 3),
(7, '炭酸水 VOXストレート 強炭酸水', '雄大な富士の恵みをお届け。世界最高レベルの炭酸充填量を誇る、無糖の強炭酸水です。', '2026-06-24 10:00:00', '軟水', '山梨県', 'ご当地サイダー', 'ミネラルウォーター', 1, 4),
(8, '天然アルカリ温泉水 財寶温泉', '超軟水で常温でもおいしい、鹿児島県垂水市に湧き出る飲む天然アルカリ温泉水。', '2026-06-24 10:00:00', '軟水', '鹿児島県', '温泉水', 'ナチュラルミネラルウォーター', 1, 5),
(9, '水想い 蔵王連峰の雪どけ天然水', '蔵王連峰の雪どけ天然水。日本の豊かな恵みを詰め込んだエコなラベルレスボトル。', '2026-06-24 10:00:00', '軟水', '宮城県', '天然水', 'ナチュラルウォーター', 0, 6),
(10, 'サントリー天然水 南アルプス 白州の水', 'サントリー天然水。南アルプスの広大な自然に磨かれたすっきりと軽やかな味わい。', '2026-06-24 10:00:00', '軟水', '山梨県', '天然水', 'ナチュラルミネラルウォーター', 1, 7),
(11, '利根川原水 サカイタチ ミネラルウォーター', '利根川源流の清らかな水を丁寧にボトリングした、河岸の街さかいの天然水です。', '2026-06-24 10:00:00', '軟水', '茨城県', '天然水', 'ミネラルウォーター', 0, 8),
(12, '細野の天然水 シリカ水', '天然由来のシリカを豊富に含んだ、霧島連山の大自然が育んだ美味しい天然水。', '2026-06-24 10:00:00', '中硬水', '宮崎県', 'アルカリイオン水', 'ナチュラルミネラルウォーター', 0, 9),
(13, 'The Silica シリカ天然水×2箱', '美のミネラル、天然シリカを67mg/L含有した鳥取県米子市のシリカ水です。', '2026-06-24 10:00:00', '軟水', '鳥取県', '天然水', 'ナチュラルミネラルウォーター', 1, 10),
(14, 'い・ろ・は・す 北海道の天然水 PET', '北の大地が育んだ北海道限定ラベルのい・ろ・は・す。厳格な品質管理の天然水。', '2026-06-24 10:00:00', '軟水', '北海道', '天然水', 'ナチュラルミネラルウォーター', 0, 11),
(15, '富士山の強炭酸水', '富士山の恵みを使った強炭酸水。環境に配慮した大人気のラベルレス仕様です。', '2026-06-24 10:00:00', '軟水', '静岡県', 'ご当地サイダー', 'ナチュラルミネラルウォーター', 0, 12),
(16, 'ピュアの森 ペットボトル 天然水', '岐阜県長良川流域の清らかな地下水から生まれた、まろやかな味わいの天然水。', '2026-06-24 10:00:00', '軟水', '岐阜県', '天然水', 'ナチュラルミネラルウォーター', 0, 13),
(17, '10年保存水 災害用長期保存水 防災グッズ飲料水', '高知県室戸沖の海洋深層水を10年間の長期保存に耐えうるクオリティに仕上げました。', '2026-06-24 10:00:00', '軟水', '高知県', '海洋深層水', 'ボトルドウォーター', 0, 14),
(18, '信州たのめの里の水 ペットボトル', 'エコなラベルレス仕様。信州の自然が育んだスッキリと飲みやすいミネラルウォーター。', '2026-06-24 10:00:00', '軟水', '長野県', '天然水', 'ミネラルウォーター', 0, 15),
(19, 'い・ろ・は・す 阿蘇の天然水 PET', '阿蘇の大自然が育んだおいしい天然水。使いやすい2Lペットボトルのセット。', '2026-06-24 10:00:00', '軟水', '熊本県', '天然水', 'ナチュラルミネラルウォーター', 0, 16),
(20, '強炭酸水 プレーン スターナイン', '糸島半島で採水した伊都の天然水を100%使用した爽快な国産強炭酸水。', '2026-06-24 10:00:00', '軟水', '福岡県', 'ご当地サイダー', 'ナチュラルミネラルウォーター', 0, 17),
(21, '嬬恋銘水 天然水', '群馬県嬬恋村の豊かな自然から湧き出たミネラルたっぷりの備蓄用に最適な天然水。', '2026-06-24 10:00:00', '軟水', '群馬県', '天然水', 'ナチュラルウォーター', 0, 18),
(22, '富士麗水ミネラルウォーター 入り', '山梨県よりお届けする、富士の地層が長い年月をかけて磨き上げた清らかな麗水。', '2026-06-24 10:00:00', '軟水', '山梨県', '天然水', 'ミネラルウォーター', 0, 19),
(23, '富士の天然水 まつだキセキの雫', '神奈川県松田町の丹沢山地が育んだ、まろやかでキセキのような喉越しの天然水。', '2026-06-24 10:00:00', '軟水', '神奈川県', '天然水', 'ナチュラルウォーター', 0, 20),
(24, '稲取の天然水 ボトル', '東伊豆の豊かな自然に育まれた、天然シリカを含む体にやさしい天然水です。', '2026-06-24 10:00:00', '軟水', '静岡県', '天然水', 'ナチュラルウォーター', 0, 21),
(25, '関平鉱泉水 ペットボトル', '霧島の大自然から湧き出る歴史ある鉱泉水。健やかな毎日のための温泉水です。', '2026-06-24 10:00:00', '中硬水', '鹿児島県', '温泉水', 'ナチュラルミネラルウォーター', 0, 22),
(26, '南紀白浜 富田の水', '和歌山県白浜町の銘水。古くから守られてきた清らかな湧き水を大容量でお届け。', '2026-06-24 10:00:00', '軟水', '和歌山県', '天然水', 'ナチュラルウォーター', 0, 23),
(27, '北のハイグレード食品 北海道乙部町の天然シリカ水', '北海道乙部町の希少な地層から湧き出る天然シリカを豊富に含んだプレミアム水。', '2026-06-24 10:00:00', '軟水', '北海道', 'アルカリイオン水', 'ナチュラルミネラルウォーター', 0, 24),
(28, 'ぬまづの水 gift', '柿田川湧水群を水源とする、静岡県沼津市のおいしい水をボトル缶に詰めたギフト。', '2026-06-24 10:00:00', '軟水', '静岡県', '天然水', 'ボトルドウォーター', 0, 25),
(29, '日田天領水', '大分県日田市の名水。天然の活性水素を豊富に含むとされる有名なアルカリイオン水。', '2026-06-24 10:00:00', '軟水', '大分県', 'アルカリイオン水', 'ナチュラルミネラルウォーター', 0, 26),
(30, 'サンリオキャラクターのイオン水', '山形県鶴岡市の清らかな水を使用した、可愛いデザインボトルのアルカリイオン水。', '2026-06-24 10:00:00', '軟水', '山形県', 'アルカリイオン水', 'ボトルドウォーター', 0, 27),
(31, '黒部からのおくりもの カターレ富山ラベル', '立山連峰の雪解け水が育んだ、すっきりとした富山県黒部市の誇る地下水です。', '2026-06-24 10:00:00', '軟水', '富山県', '天然水', 'ナチュラルウォーター', 0, 28),
(32, '月のしずく 入', '和歌山県高野山の麓に湧き出る、神秘的なミネラルバランスを持つ天然水。', '2026-06-24 10:00:00', '軟水', '和歌山県', '温泉水', 'ナチュラルミネラルウォーター', 0, 29),
(33, '新潟名水の郷 津南の天然水', '魚沼連峰のふもと、新潟県津南町の大自然が育んだ極めてまろやかな銘水です。', '2026-06-24 10:00:00', '軟水', '新潟県', '天然水', 'ナチュラルウォーター', 0, 30),
(34, '龍泉洞の水', '日本三大鍾乳洞の一つ、岩手県龍泉洞の清らかな地底湖から湧き出たミネラル水。', '2026-06-24 10:00:00', '軟水', '岩手県', '天然水', 'ナチュラルミネラルウォーター', 0, 31),
(35, 'トップバリュ天然水', '栃木県佐野市の出流原弁天池湧水を源流とする、すっきりと飲みやすい天然水。', '2026-06-24 10:00:00', '軟水', '栃木県', '天然水', 'ナチュラルウォーター', 0, 32),
(36, '岩木山の清流天然水', '青森県の霊峰・岩木山に積もった雪が、数十年の歳月をかけて濾過された雪解け水。', '2026-06-24 10:00:00', '軟水', '青森県', '天然水', 'ナチュラルウォーター', 0, 33),
(37, '秋田白神山地の湧き水', '世界自然遺産白神山地の広大なブナの森が育んだ、極軟水のご当地湧き水。', '2026-06-24 10:00:00', '軟水', '秋田県', '天然水', 'ナチュラルウォーター', 0, 34),
(38, '松島湾の引き潮深層水', '宮城県の地層から汲み上げた、海洋深層水由来のすっきりとしたボトルドウォーター。', '2026-06-24 10:00:00', '軟水', '宮城県', '海洋深層水', 'ボトルドウォーター', 0, 35),
(39, '尾瀬の地層が育んだ天然地下水', '尾瀬の広大な湿原の下を流れる、清らかで不純物の極めて少ない天然地下水です。', '2026-06-24 10:00:00', '軟水', '福島県', '天然水', 'ナチュラルウォーター', 0, 36),
(40, '筑波山麓アルカリ天然水', '筑波山の花崗岩層をくぐり抜けた、pH値の高いまろやかなアルカリイオン水。', '2026-06-24 10:00:00', '軟水', '茨城県', 'アルカリイオン水', 'ナチュラルミネラルウォーター', 0, 37),
(41, '奥秩父清流ナチュラルウォーター', '清流が流れる秩父の深い森から採水した、自然本来の風味が生きている水。', '2026-06-24 10:00:00', '軟水', '埼玉県', '天然水', 'ナチュラルウォーター', 0, 38),
(42, '房総の恵み地下水', '千葉県房総半島の清らかな水源から汲み上げた、毎日の水分補給に最適な地下水。', '2026-06-24 10:00:00', '軟水', '千葉県', '天然水', 'ナチュラルウォーター', 0, 39),
(43, '多摩川源流の湧き水', '東京都の奥多摩に位置する源流近くから採水された、東京生まれの希少な湧き水。', '2026-06-24 10:00:00', '軟水', '東京都', '天然水', 'ナチュラルウォーター', 0, 40),
(44, '箱根山麓の温泉ミネラルウォーター', '箱根の豊かな火山性地層が育んだ、天然の温泉成分を程よく含んだ温泉水。', '2026-06-24 10:00:00', '軟水', '神奈川県', '温泉水', 'ミネラルウォーター', 0, 41),
(45, '湯沢のおいしい天然水', '雪国・新潟県湯沢町の山々が育んだ、ひんやり冷たくて甘みを感じる天然水.', '2026-06-24 10:00:00', '軟水', '新潟県', '天然水', 'ナチュラルウォーター', 0, 42),
(46, '立山連峰の雪解けアルカリイオン水', '北アルプス立山連峰の広大な雪解け水を、独自の技術で整えたアルカリイオン水。', '2026-06-24 10:00:00', '軟水', '富山県', 'アルカリイオン水', 'ミネラルウォーター', 0, 43),
(47, '加賀白山ろくの湧き水', '霊峰白山の山肌から湧き出た、古くから親しまれている喉越し抜群の清らかな湧き水。', '2026-06-24 10:00:00', '軟水', '石川県', '天然水', 'ナチュラルウォーター', 0, 44),
(48, '永平寺町の銘水地下水', '福井県永平寺町周辺の深い森に磨かれた、雑味のないすっきりとした地下水です。', '2026-06-24 10:00:00', '軟水', '福井県', '天然水', 'ナチュラルウォーター', 0, 45),
(49, '八ヶ岳麓のナチュラルウォーター', '山梨県と長野県の境に跨る八ヶ岳麓で採水された、瑞々しいナチュラルウォーター。', '2026-06-24 10:00:00', '軟水', '山梨県', '天然水', 'ナチュラルウォーター', 0, 46),
(50, '安曇野の美しきミネラルウォーター', '長野県安曇野の北アルプスからの伏流水。クリアな味わいが特徴のミネラルウォーター。', '2026-06-24 10:00:00', '軟水', '長野県', '天然水', 'ミネラルウォーター', 0, 47),
(51, '飛騨御嶽山の天然アルカリ水', '岐阜県高地の大自然が育んだ、pH値高めの体にスッと染み込む天然水。', '2026-06-24 10:00:00', '軟水', '岐阜県', 'アルカリイオン水', 'ナチュラルミネラルウォーター', 0, 48),
(52, '富士山麓の強炭酸水', '静岡県側から見上げる富士の伏流水を使用した、喉を突き抜ける強炭酸水。', '2026-06-24 10:00:00', '軟水', '静岡県', 'ご当地サイダー', 'ナチュラルミネラルウォーター', 0, 49),
(53, '伊勢志摩の清流ミネラルウォーター', '伊勢志摩の豊かな自然が守り続けた水源から採水したナチュラルミネラルウォーター。', '2026-06-24 10:00:00', '軟水', '三重県', '天然水', 'ナチュラルミネラルウォーター', 0, 50),
(54, '琵琶湖の源流山塊から生まれた天然水', '滋賀県の美しい山塊が濾過した、ミネラルバランスに優れた高品質な天然水。', '2026-06-24 10:00:00', '軟水', '滋賀県', '天然水', 'ナチュラルウォーター', 0, 51),
(55, '京都宇治の山林が育んだ地下水', 'お茶の街・宇治の背後に広がる山林が磨き上げた、お茶引きにも最適な極上の地下水。', '2026-06-24 10:00:00', '軟水', '京都府', '天然水', 'ナチュラルウォーター', 0, 52),
(56, '箕面大滝の湧き水ブレンドボトル', '大阪箕面の豊かな森から流れる湧き水をベースに仕上げた爽やかなボトル。', '2026-06-24 10:00:00', '軟水', '大阪府', '天然水', 'ボトルドウォーター', 0, 53),
(57, '六甲山麓のナチュラルミネラルウォーター', '銘水として名高い六甲山の地層を通り抜けた、安心・安全のナチュラルミネラルウォーター。', '2026-06-24 10:00:00', '軟水', '兵庫県', '天然水', 'ナチュラルミネラルウォーター', 0, 54),
(58, '吉野熊野の深い森の天然水', '世界遺産の地・吉野熊野の原生林が育んだ、生命力に満ちたまろやかな天然水。', '2026-06-24 10:00:00', '軟水', '奈良県', '天然水', 'ナチュラルウォーター', 0, 55),
(59, '高野山麓の聖なる湧き水', '和歌山県の霊場高野山のふもとより湧き出る、雑味のない非常にピュアな湧き水。', '2026-06-24 10:00:00', '軟水', '和歌山県', '天然水', 'ナチュラルウォーター', 0, 56),
(60, '大山山麓のナチュラルウォーター', '中国地方の最高峰・大山のブナ林が長年かけて濾過したナチュラルウォーター。', '2026-06-24 10:00:00', '軟水', '鳥取県', '天然水', 'ナチュラルウォーター', 0, 57),
(61, '宍道湖の里の地下水', '島根県の宍道湖を望む大自然の地下深くから汲み上げられた、すっきり地下水。', '2026-06-24 10:00:00', '軟水', '島根県', '天然水', 'ナチュラルウォーター', 0, 58),
(62, '蒜山高原の美味しい天然水', '岡山県蒜山高原の美しい緑の中で採水された、爽快で爽やかな飲み口の天然水。', '2026-06-24 10:00:00', '軟水', '岡山県', '天然水', 'ナチュラルウォーター', 0, 59),
(63, '瀬戸内太田川の銘水', '広島県の太田川上流の清らかな地層から採水した、料理にも合うミネラルウォーター。', '2026-06-24 10:00:00', '軟水', '広島県', '天然水', 'ミネラルウォーター', 0, 60),
(64, '秋吉台カルストのアルカリイオン水', '山口県秋吉台のカルスト台地をくぐり、天然のミネラルを豊富に含んだアルカリイオン水。', '2026-06-24 10:00:00', '軟水', '山口県', 'アルカリイオン水', 'ナチュラルミネラルウォーター', 0, 61),
(65, '阿波の美しき湧き水', '徳島県の山間部からコンコンと湧き出る、透明度抜群のご当地湧き水。', '2026-06-24 10:00:00', '軟水', '徳島県', '天然水', 'ナチュラルウォーター', 0, 62),
(66, '讃岐山脈のミネラルウォーター', '香川県と徳島県の県境をなす讃岐山脈から採水した、バランスの良いミネラルウォーター。', '2026-06-24 10:00:00', '軟水', '香川県', '天然水', 'ミネラルウォーター', 0, 63),
(67, '石鎚山麓の清らかな天然水', '四国最高峰・石鎚山の地層が育んだ、適度なミネラルを含む美味しい天然水。', '2026-06-24 10:00:00', '軟水', '愛媛県', '天然水', 'ナチュラルウォーター', 0, 64),
(68, '四万十川源流のナチュラルウォーター', '日本最後の清流と言われる四万十川の源流近くから採水されたナチュラルウォーター。', '2026-06-24 10:00:00', '軟水', '高知県', '天然水', 'ナチュラルウォーター', 0, 65),
(69, '筑後川源流の地下水', '福岡県を流れる筑後川の源流・豊かな山々が磨き上げたクリアな地下水。', '2026-06-24 10:00:00', '軟水', '福岡県', '天然水', 'ナチュラルウォーター', 0, 66),
(70, '佐賀脊振山系の湧き水', '佐賀県脊振山系の豊かな花崗岩層から湧き出た、すっきりとキレのある湧き水。', '2026-06-24 10:00:00', '軟水', '佐賀県', '天然水', 'ナチュラルウォーター', 0, 67),
(71, '雲仙麓のナチュラルミネラルウォーター', '長崎県雲仙の豊かな火山性地層が育んだ、ミネラルたっぷりのナチュラルミネラルウォーター。', '2026-06-24 10:00:00', '軟水', '長崎県', '天然水', 'ナチュラルミネラルウォーター', 0, 68),
(72, '阿蘇外輪山の天然水', '熊本県阿蘇の壮大な外輪山に降った雨が、広大な土地に濾過された大自然の天然水。', '2026-06-24 10:00:00', '軟水', '熊本県', '天然水', 'ナチュラルウォーター', 0, 69),
(73, '九重連山が育んだ地下水', '大分県九重連山の美しい山々が数十年かけて育んだ、冷涼で美味しい地下水。', '2026-06-24 10:00:00', '軟水', '大分県', '天然水', 'ナチュラルウォーター', 0, 70),
(74, '高千穂峡の清らかな湧き水', '神話の里・宮崎県高千穂峡の近くから採水された、清らかな湧き水です。', '2026-06-24 10:00:00', '軟水', '宮崎県', '天然水', 'ナチュラルウォーター', 0, 71),
(75, '霧島山麓のアルカリ温泉水', '鹿児島県霧島連山の麓から湧き出る、美肌成分を含んだ美味しい温泉水。', '2026-06-24 10:00:00', '中硬水', '鹿児島県', '温泉水', 'ナチュラルミネラルウォーター', 0, 72),
(76, 'やんばるの森のナチュラルウォーター', '沖縄県北部の広大なやんばるの森が育んだ、南国育ちのナチュラルウォーター。', '2026-06-24 10:00:00', '軟水', '沖縄県', '天然水', 'ナチュラルウォーター', 0, 73),
(77, '大雪山系の天然地下水', '北海道の屋根・大雪山系に積もった万年雪から生まれた、クリアな味わいの地下水。', '2026-06-24 10:00:00', '軟水', '北海道', '天然水', 'ナチュラルウォーター', 0, 74),
(78, '恐山山系の清らかな湧き水', '青森県下北半島の恐山山系から湧き出る、手つかずの自然が残した清らかな湧き水。', '2026-06-24 10:00:00', '軟水', '青森県', '天然水', 'ナチュラルウォーター', 0, 75),
(79, '早池峰山麓のナチュラルウォーター', '岩手県の銘峰・早池峰山の花崗岩層に磨かれた、スッキリ爽快なナチュラルウォーター。', '2026-06-24 10:00:00', '軟水', '岩手県', '天然水', 'ナチュラルウォーター', 0, 76),
(80, '松島みやぎのご当地サイダー', '宮城県松島の清らかな天然水を使用し、爽やかな強炭酸に仕上げたご当地サイダー。', '2026-06-24 10:00:00', '軟水', '宮城県', 'ご当地サイダー', 'ボトルドウォーター', 0, 77),
(81, '鳥海山の雪解け天然水', '山形県と秋田県に跨る鳥海山の広大なブナ林が濾過した、喉越し抜群の天然水。', '2026-06-24 10:00:00', '軟水', '山形県', '天然水', 'ナチュラルウォーター', 0, 78),
(82, '会津磐梯山の湧き水', '福島県会津地方の磐梯山が育んだ、ミネラル豊富な人気の高い湧き水です。', '2026-06-24 10:00:00', '軟水', '福島県', '天然水', 'ナチュラルウォーター', 0, 79),
(83, '那須高原のミネラルウォーター', '栃木県那須高原の清らかな自然から生まれた、毎日の暮らしに寄り添うミネラルウォーター。', '2026-06-24 10:00:00', '軟水', '栃木県', '天然水', 'ミネラルウォーター', 0, 80),
(84, '赤城山麓のすっきり地下水', '群馬県赤城山の山麓で静かに蓄えられた、雑味のないすっきりとした地下水。', '2026-06-24 10:00:00', '軟水', '群馬県', '天然水', 'ナチュラルウォーター', 0, 81),
(85, '秩父長瀞のナチュラルウォーター', '埼玉県長瀞の美しい岩畳の地層を流れる、自然豊かな味わいのナチュラルウォーター。', '2026-06-24 10:00:00', '軟水', '埼玉県', '天然水', 'ナチュラルウォーター', 0, 82),
(86, '九十九里の海洋深層水ボトル', '千葉県沖の海底深くから汲み上げられた、ミネラルをバランスよく含んだ海洋深層水。', '2026-06-24 10:00:00', '軟水', '千葉県', '海洋深層水', 'ボトルドウォーター', 0, 83),
(87, '奥多摩の美しき湧き水', '東京都西部の広大な自然が残る奥多摩から採水した、瑞々しく爽やかな湧き水。', '2026-06-24 10:00:00', '軟水', '東京都', '天然水', 'ナチュラルウォーター', 0, 84),
(88, '丹沢連峰の地下水', '神奈川県丹沢連峰の深い森の下に流れる、毎日の水分補給にぴったりな地下水。', '2026-06-24 10:00:00', '軟水', '神奈川県', '天然水', 'ナチュラルウォーター', 0, 85),
(89, '弥彦山麓の天然水', '新潟県のパワースポット・弥彦山の山麓から採水された、清らかなご当地天然水。', '2026-06-24 10:00:00', '軟水', '新潟県', '天然水', 'ナチュラルウォーター', 0, 86),
(90, '黒部峡谷のピュアミネラルウォーター', '富山県黒部峡谷の秘境が育んだ、ミネラル成分が程よく溶け込んだ美味しい水。', '2026-06-24 10:00:00', '軟水', '富山県', '天然水', 'ミネラルウォーター', 0, 87),
(91, '能登半島の海洋深層水', '石川県能登半島沖の清らかな深海から採水された、海の恵みたっぷりの海洋深層水。', '2026-06-24 10:00:00', '軟水', '石川県', '海洋深層水', 'ボトルドウォーター', 0, 88),
(92, '若狭湾の恵みナチュラルウォーター', '福井県若狭地方の豊かな地層が磨き上げた、クリアな喉越しのナチュラルウォーター。', '2026-06-24 10:00:00', '軟水', '福井県', '天然水', 'ナチュラルウォーター', 0, 89),
(93, '南アルプス甲斐の湧き水', '山梨県甲斐地方の南アルプス連峰から湧き出た、冷涼でとても美味しい湧き水。', '2026-06-24 10:00:00', '軟水', '山梨県', '天然水', 'ナチュラルウォーター', 0, 90),
(94, '軽井沢高原のミネラルウォーター', '長野県軽井沢の美しい浅間山麓から採水した、上品な口当たりのミネラルウォーター。', '2026-06-24 10:00:00', '軟水', '長野県', '天然水', 'ミネラルウォーター', 0, 91),
(95, '長良川流域の美しき地下水', '岐阜県清流長良川の恵みを受けた、不純物の極めて少ない極上の地下水です。', '2026-06-24 10:00:00', '軟水', '岐阜県', '天然水', 'ナチュラルウォーター', 0, 92),
(96, '伊豆半島の温泉水ボトル', '静岡県伊豆半島の豊かな温泉源源から採水された、ミネラル豊富でまろやかな温泉水。', '2026-06-24 10:00:00', '軟水', '静岡県', '温泉水', 'ナチュラルミネラルウォーター', 0, 93),
(97, '鈴鹿山脈の天然水', '三重県鈴鹿山脈の豊かなブナ林が長年かけて濾過した、クリアな味わいの天然水。', '2026-06-24 10:00:00', '軟水', '三重県', '天然水', 'ナチュラルミネラルウォーター', 0, 94),
(98, '比叡山麓のアルカリイオン水', '滋賀県比叡山のふもとから採水した、pHバランスが良く体に優しいアルカリイオン水。', '2026-06-24 10:00:00', '軟水', '滋賀県', 'アルカリイオン水', 'ミネラルウォーター', 0, 95),
(99, '保津川源流のナチュラルウォーター', '京都府保津川の源流近くに広がる山林が育んだ、滑らかな口当たりのナチュラルウォーター。', '2026-06-24 10:00:00', '軟水', '京都府', '天然水', 'ナチュラルウォーター', 0, 96),
(100, '金剛山麓の地下水', '大阪府と奈良県の境にそびえる金剛山麓から汲み上げた、すっきりとした地下水。', '2026-06-24 10:00:00', '軟水', '大阪府', '天然水', 'ナチュラルウォーター', 0, 97),
(101, '六甲の銘水ナチュラルミネラルウォーター', '兵庫県神戸市が誇る名名水六甲の水を使用した、プレミアムなナチュラルミネラルウォーター。', '2026-06-24 10:00:00', '軟水', '兵庫県', '天然水', 'ナチュラルミネラルウォーター', 0, 98),
(102, '吉野川源流の湧き水', '奈良県吉野川の源流・美しい原生林から湧き出る、爽快でピュアな湧き水。', '2026-06-24 10:00:00', '軟水', '奈良県', '天然水', 'ナチュラルウォーター', 0, 99),
(103, '高野山麓の美味しい天然水', '和歌山県高野山のふも、紀の川流域の豊かな地層が育んだ美味しい天然水.', '2026-06-24 10:00:00', '軟水', '和歌山県', '天然水', 'ナチュラルミネラルウォーター', 0, 100),
(104, '大山雪解けナチュラルウォーター', '鳥取県大山の初夏の雪解け水をイメージした、瑞々しさが特徴のナチュラルウォーター。', '2026-06-24 10:00:00', '軟水', '鳥取県', '天然水', 'ナチュラルウォーター', 0, 101),
(105, '出雲の国のご当地サイダー', '島根県出雲の清らかな湧き水を使い、すっきりとした甘さに仕上げたご当地サイダー。', '2026-06-24 10:00:00', '軟水', '島根県', 'ご当地サイダー', 'ボトルドウォーター', 0, 102),
(106, '美作高原のミネラルウォーター', '岡山県美作地方の美しい自然の中で採水された、バランスの良いミネラルウォーター.', '2026-06-24 10:00:00', '軟水', '岡山県', '天然水', 'ミネラルウォーター', 0, 103),
(107, '宮島対岸の地下水', '広島県宮島の対岸に広がる山々が磨き上げた、クリアでクセのない地下水です。', '2026-06-24 10:00:00', '軟水', '広島県', '天然水', 'ナチュラルウォーター', 0, 104),
(108, '秋吉台のアルカリイオン水', '山口県のカルスト台地が育んだ、天然のカルシウムが程よく溶けたアルカリイオン水。', '2026-06-24 10:00:00', '軟水', '山口県', 'アルカリイオン水', 'ナチュラルミネラルウォーター', 0, 105),
(109, '吉野川の恵みナチュラルウォーター', '徳島県吉野川流域の豊かな自然に育まれた、爽やかな喉越しのナチュラルウォーター。', '2026-06-24 10:00:00', '軟水', '徳島県', '天然水', 'ナチュラルウォーター', 0, 106),
(110, '小豆島湧き水ブレンドボトル', '香川県小豆島の美しい渓谷から採水された湧き水をベースに作ったボトルドウォーター。', '2026-06-24 10:00:00', '軟水', '香川県', '天然水', 'ボトルドウォーター', 0, 107),
(111, '佐田岬のナチュラルミネラルウォーター', '愛媛県佐田岬半島の豊かな自然が守る水源から採水したナチュラルミネラルウォーター。', '2026-06-24 10:00:00', '軟水', '愛媛県', '天然水', 'ナチュラルミネラルウォーター', 0, 108),
(112, '四万十川の美味しい天然水', '高知県の清流四万十川流域の大自然が育んだ、極めてまろやかな口当たりの天然水。', '2026-06-24 10:00:00', '軟水', '高知県', '天然水', 'ナチュラルウォーター', 0, 109),
(113, '博多山笠の地下水', '福岡県博多の背後にそびえる山々が濾過した、スッキリとキレのある地下水。', '2026-06-24 10:00:00', '軟水', '福岡県', '天然水', 'ナチュラルウォーター', 0, 110),
(114, '天山山系の湧き水', '佐賀県天山山系の豊かな地層から湧き出た、お茶やコーヒーにも最適な名湧き水。', '2026-06-24 10:00:00', '軟水', '佐賀県', '天然水', 'ナチュラルウォーター', 0, 111),
(115, '島原湧水ナチュラルウォーター', '長崎県島原半島の豊かな湧水群から採水された、清らかで瑞々しいナチュラルウォーター。', '2026-06-24 10:00:00', '軟水', '長崎県', '天然水', 'ナチュラルウォーター', 0, 112),
(116, '阿蘇山麓のアルカリイオン水', '熊本県阿蘇の大自然のフィルターを通った、pH値の高いまろやかなアルカリイオン水。', '2026-06-24 10:00:00', '軟水', '熊本県', 'アルカリイオン水', 'ナチュラルミネラルウォーター', 0, 113),
(117, '由布岳の恵み天然地下水', '大分県由布岳の美しい山林が育んだ、ひんやり冷たくて美味しい天然の地下水です。', '2026-06-24 10:00:00', '軟水', '大分県', '天然水', 'ナチュラルウォーター', 0, 114),
(118, '霧島連山のシリカ天然水', '宮崎県と鹿児島県の境に跨る霧島連山が育んだ、天然シリカが豊富な大人気天然水。', '2026-06-24 10:00:00', '中硬水', '宮崎県', '天然水', 'ナチュラルミネラルウォーター', 0, 115),
(119, '屋久島縄文の湧き水', '鹿児島県屋久島の豊かな原生林に降った雨が、花崗岩の島で磨かれた神秘的な湧き水。', '2026-06-24 10:00:00', '軟水', '鹿児島県', '天然水', 'ナチュラルウォーター', 0, 116),
(120, '石垣島の海洋深層水', '沖縄県石垣島沖の極めて清麗な深海から汲み上げられた、海の恵みたっぷりの海洋深層水。', '2026-06-24 10:00:00', '軟水', '沖縄県', '海洋深層水', 'ボトルドウォーター', 0, 117),
(121, '阿蘇小国郷の天然水 サクラシリカ', 'シリカ含有量99mg/L。熊本県小国町の大自然が育んだラベルレスのシリカウォーター。', '2026-06-24 10:00:00', '軟水', '熊本県', '天然水', 'ナチュラルミネラルウォーター', 1, 118),
(122, '魚沼の天然水 津南 1箱', '魚沼連峰のふもと、新潟県津南町からお届けする、極めてまろやかな硬度の天然水です。', '2026-06-24 10:00:00', '軟水', '新潟県', '天然水', 'ナチュラルウォーター', 0, 119),
(123, '岩手八幡平の湧き水', '岩手県八幡平の豊かな自然が育んだ、冷涼でとても美味しい湧き水です。', '2026-06-24 10:00:00', '軟水', '岩手県', '天然水', 'ナチュラルウォーター', 0, 120),
(124, '極寒の大地 氷河伏流水', '北海道の豊かな自然環境の中で育まれた、すっきりとした味わいとまろやかな口当たりが特徴の天然水です。毎日の水分補給や料理に最適です。', '2026-06-24 10:00:00', '軟水', '北海道', '天然水', 'ミネラルウォーター', 0, 121),
(125, '白神山地 薫る地底水', '青森県の豊かな自然環境の中で育まれた、すっきりとした味わいとまろやかな口当たりが特徴の天然水です。毎日の水分補給や料理に最適です。', '2026-06-24 10:00:00', '軟水', '青森県', '天然水', 'ボトルドウォーター', 1, 122),
(126, '龍泉洞の清らかな湧水', '岩手県の豊かな自然環境の中で育まれた、すっきりとした味わいとまろやかな口当たりが特徴の天然水です。毎日の水分補給や料理に最適です。', '2026-06-24 10:00:00', '硬水', '岩手県', '天然水', 'ボトルドウォーター', 0, 123),
(127, '鳥海山麓 雪解けの恵み', '秋田県の豊かな自然環境の中で育まれた、すっきりとした味わいとまろやかな口当たりが特徴の天然水です。毎日の水分補給や料理に最適です。', '2026-06-24 10:00:00', '軟水', '秋田県', '天然水', 'ナチュラルミネラルウォーター', 0, 124),
(128, '出羽三山 霊峰の極軟水', '山形県の豊かな自然環境の中で育まれた、すっきりとした味わいとまろやかな口当たりが特徴の天然水です。毎日の水分補給や料理に最適です。', '2026-06-24 10:00:00', '中硬水', '山形県', '天然水', 'ナチュラルミネラルウォーター', 1, 125),
(129, '蔵王地層 炭酸仕立てサイダー', '宮城県の豊かな自然環境の中で育まれた、すっきりとした味わいとまろやかな口当たりが特徴のご当地サイダーです。毎日の水分補給や料理に最適です。', '2026-06-24 10:00:00', '軟水', '宮城県', 'ご当地サイダー', 'ボトルドウォーター', 1, 126),
(130, '吾妻小富士 伏流水', '福島県の豊かな自然環境の中で育まれた、すっきりとした味わいとまろやかな口当たりが特徴の天然水です。毎日の水分補給や料理に最適です。', '2026-06-24 10:00:00', '軟水', '福島県', '天然水', 'ボトルドウォーター', 1, 127),
(131, '筑波山麓 湧き出づる銘水', '茨城県の豊かな自然環境の中で育まれた、すっきりとした味わいとまろやかな口当たりが特徴の天然水です。毎日の水分補給や料理に最適です。', '2026-06-24 10:00:00', '中硬水', '茨城県', '天然水', 'ミネラルウォーター', 1, 128),
(132, '那須高原 森の天然アルカリ水', '栃木県の豊かな自然環境の中で育まれた、すっきりとした味わいとまろやかな口当たりが特徴のアルカリイオン水です。毎日の水分補給や料理に最適です。', '2026-06-24 10:00:00', '硬水', '栃木県', 'アルカリイオン水', 'ナチュラルミネラルウォーター', 1, 129),
(133, '尾瀬ヶ原 湿原の恵み純水', '群馬県の豊かな自然環境の中で育まれた、すっきりとした味わいとまろやかな口当たりが特徴の天然水です。毎日の水分補給や料理に最適です。', '2026-06-24 10:00:00', '軟水', '群馬県', '天然水', 'ミネラルウォーター', 1, 130),
(134, '秩父山系 結晶ろ過水', '埼玉県の豊かな自然環境の中で育まれた、すっきりとした味わいとまろやかな口当たりが特徴の天然水です。毎日の水分補給や料理に最適です。', '2026-06-24 10:00:00', '中硬水', '埼玉県', '天然水', 'ナチュラルウォーター', 1, 131),
(135, '房総半島 漆黒の深層地下水', '千葉県の豊かな自然環境の中で育まれた、すっきりとした味わいとまろやかな口当たりが特徴の天然水です。毎日の水分補給や料理に最適です。', '2026-06-24 10:00:00', '軟水', '千葉県', '天然水', 'ミネラルウォーター', 1, 132),
(136, '奥多摩 清流の雫', '東京都の豊かな自然環境の中で育まれた、すっきりとした味わいとまろやかな口当たりが特徴の天然水です。毎日の水分補給や料理に最適です。', '2026-06-24 10:00:00', '中硬水', '東京都', '天然水', 'ボトルドウォーター', 0, 133),
(137, '丹沢大山 湧水仕込みサイダー', '神奈川県の豊かな自然環境の中で育まれた、すっきりとした味わいとまろやかな口当たりが特徴のご当地サイダーです。毎日の水分補給や料理に最適です。', '2026-06-24 10:00:00', '中硬水', '神奈川県', 'ご当地サイダー', 'ボトルドウォーター', 0, 134),
(138, '越後三山 豪雪の恵み水', '新潟県の豊かな自然環境の中で育まれた、すっきりとした味わいとまろやかな口当たりが特徴の天然水です。毎日の水分補給や料理に最適です。', '2026-06-24 10:00:00', '中硬水', '新潟県', '天然水', 'ボトルドウォーター', 1, 135),
(139, '立山連峰 氷河の置き土産', '富山県の豊かな自然環境の中で育まれた、すっきりとした味わいとまろやかな口当たりが特徴の天然水です。毎日の水分補給や料理に最適です。', '2026-06-24 10:00:00', '硬水', '富山県', '天然水', 'ミネラルウォーター', 1, 136),
(140, '白山麓 湧水アルカリイオン水', '石川県の豊かな自然環境の中で育まれた、すっきりとした味わいとまろやかな口当たりが特徴のアルカリイオン水です。毎日の水分補給や料理に最適です。', '2026-06-24 10:00:00', '硬水', '石川県', 'アルカリイオン水', 'ボトルドウォーター', 0, 137),
(141, '九頭竜川 源流の清らか水', '福井県の豊かな自然環境の中で育まれた、すっきりとした味わいとまろやかな口当たりが特徴の天然水です。毎日の水分補給や料理に最適です。', '2026-06-24 10:00:00', '硬水', '福井県', '天然水', 'ナチュラルウォーター', 0, 138),
(142, '南アルプス プレミアムスパークリング', '山梨県の豊かな自然環境の中で育まれた、すっきりとした味わいとまろやかな口当たりが特徴の天然水です。毎日の水分補給や料理に最適です。', '2026-06-24 10:00:00', '軟水', '山梨県', '天然水', 'ナチュラルミネラルウォーター', 1, 139),
(143, '安曇野 わさび田を潤す銘水', '長野県の豊かな自然環境の中で育まれた、すっきりとした味わいとまろやかな口当たりが特徴の天然水です。毎日の水分補給や料理に最適です。', '2026-06-24 10:00:00', '中硬水', '長野県', '天然水', 'ナチュラルウォーター', 1, 140),
(144, '美濃の国 清流長良川の雫', '岐阜県の豊かな自然環境の中で育まれた、すっきりとした味わいとまろやかな口当たりが特徴の天然水です。毎日の水分補給や料理に最適です。', '2026-06-24 10:00:00', '軟水', '岐阜県', '天然水', 'ナチュラルミネラルウォーター', 1, 141),
(145, '富士山麓 溶岩ろ過バナジウム水', '静岡県の豊かな自然環境の中で育まれた、すっきりとした味わいとまろやかな口当たりが特徴の天然水です。毎日の水分補給や料理に最適です。', '2026-06-24 10:00:00', '硬水', '静岡県', '天然水', 'ボトルドウォーター', 1, 142),
(146, '奥三河 渓谷の清流ピュア水', '愛知県の豊かな自然環境の中で育まれた、すっきりとした味わいとまろやかな口当たりが特徴の天然水です。毎日の水分補給や料理に最適です。', '2026-06-24 10:00:00', '硬水', '愛知県', '天然水', 'ボトルドウォーター', 1, 143),
(147, '伊勢神宮 禊の川の源流水', '三重県の豊かな自然環境の中で育まれた、すっきりとした味わいとまろやかな口当たりが特徴の天然水です。毎日の水分補給や料理に最適です。', '2026-06-24 10:00:00', '硬水', '三重県', '天然水', 'ボトルドウォーター', 1, 144),
(148, '琵琶湖深層 地底からの贈り物', '滋賀県の豊かな自然環境の中で育まれた、すっきりとした味わいとまろやかな口当たりが特徴の天然水です。毎日の水分補給や料理に最適です。', '2026-06-24 10:00:00', '中硬水', '滋賀県', '天然水', 'ナチュラルウォーター', 1, 145),
(149, '宇治の里 地下伏流水', '京都府の豊かな自然環境の中で育まれた、すっきりとした味わいとまろやかな口当たりが特徴の天然水です。毎日の水分補給や料理に最適です。', '2026-06-24 10:00:00', '中硬水', '京都府', '天然水', 'ナチュラルミネラルウォーター', 0, 146),
(150, '箕面大滝 渓谷の清涼水', '大阪府の豊かな自然環境の中で育まれた、すっきりとした味わいとまろやかな口当たりが特徴の天然水です。毎日の水分補給や料理に最適です。', '2026-06-24 10:00:00', '軟水', '大阪府', '天然水', 'ボトルドウォーター', 1, 147),
(151, '六甲山麓 クラシックミネラルウォーター', '兵庫県の豊かな自然環境の中で育まれた、すっきりとした味わいとまろやかな口当たりが特徴の天然水です。毎日の水分補給や料理に最適です。', '2026-06-24 10:00:00', '中硬水', '兵庫県', '天然水', 'ナチュラルウォーター', 1, 148),
(152, '吉野の山々 桜うるおす銘水', '奈良県の豊かな自然環境の中で育まれた、すっきりとした味わいとまろやかな口当たりが特徴の天然水です。毎日の水分補給や料理に最適です。', '2026-06-24 10:00:00', '硬水', '奈良県', '天然水', 'ボトルドウォーター', 1, 149),
(153, '熊野古道 聖地の神なる温泉水', '和歌山県の豊かな自然環境の中で育まれた、すっきりとした味わいとまろやかな口当たりが特徴の温泉水です。毎日の水分補給や料理に最適です。', '2026-06-24 10:00:00', '硬水', '和歌山県', '温泉水', 'ボトルドウォーター', 1, 150),
(154, '大山 氷河伏流アルカリ水', '鳥取県の豊かな自然環境の中で育まれた、すっきりとした味わいとまろやかな口当たりが特徴のアルカリイオン水です。毎日の水分補給や料理に最適です。', '2026-06-24 10:00:00', '硬水', '鳥取県', 'アルカリイオン水', 'ナチュラルミネラルウォーター', 1, 151),
(155, '出雲の国 神話の郷のアルカリ水', '島根県の豊かな自然環境の中で育まれた、すっきりとした味わいとまろやかな口当たりが特徴のアルカリイオン水です。毎日の水分補給や料理に最適です。', '2026-06-24 10:00:00', '中硬水', '島根県', 'アルカリイオン水', 'ボトルドウォーター', 0, 152),
(156, '美作三湯 湯原の恵み温泉水', '岡山県の豊かな自然環境の中で育まれた、すっきりとした味わいとまろやかな口当たりが特徴の温泉水です。毎日の水分補給や料理に最適です。', '2026-06-24 10:00:00', '中硬水', '岡山県', '温泉水', 'ミネラルウォーター', 1, 153),
(157, '西条 酒蔵を支える極上の仕込み水', '広島県の豊かな自然環境の中で育まれた、すっきりとした味わいとまろやかな口当たりが特徴の天然水です。毎日の水分補給や料理に最適です。', '2026-06-24 10:00:00', '軟水', '広島県', '天然水', 'ボトルドウォーター', 1, 154),
(158, '秋吉台 カルスト台地の豊かなミネラル水', '山口県の豊かな自然環境の中で育まれた、すっきりとした味わいとまろやかな口当たりが特徴の天然水です。毎日の水分補給や料理に最適です。', '2026-06-24 10:00:00', '軟水', '山口県', '天然水', 'ミネラルウォーター', 1, 155),
(159, '剣山 秘境の雪解け清流水', '徳島県の豊かな自然環境の中で育まれた、すっきりとした味わいとまろやかな口当たりが特徴の天然水です。毎日の水分補給や料理に最適です。', '2026-06-24 10:00:00', '中硬水', '徳島県', '天然水', 'ナチュラルミネラルウォーター', 0, 156),
(160, '讃岐の里 弘法大師ゆかりの霊水', '香川県の豊かな自然環境の中で育まれた、すっきりとした味わいとまろやかな口当たりが特徴の天然水です。毎日の水分補給や料理に最適です。', '2026-06-24 10:00:00', '硬水', '香川県', '天然水', 'ボトルドウォーター', 0, 157),
(161, '石鎚山 瀬戸内を望む最高峰の水', '愛媛県の豊かな自然環境の中で育まれた、すっきりとした味わいとまろやかな口当たりが特徴の天然水です。毎日の水分補給や料理に最適です。', '2026-06-24 10:00:00', '中硬水', '愛媛県', '天然水', 'ナチュラルミネラルウォーター', 0, 158),
(162, '室戸岬 太陽が届かない海洋深層水', '高知県の豊かな自然環境の中で育まれた、すっきりとした味わいとまろやかな口当たりが特徴の海洋深層水です。毎日の水分補給や料理に最適です。', '2026-06-24 10:00:00', '軟水', '高知県', '海洋深層水', 'ボトルドウォーター', 0, 159),
(163, '筑紫次郎 筑後川源流の郷水', '福岡県の豊かな自然環境の中で育まれた、すっきりとした味わいとまろやかな口当たりが特徴の天然水です。毎日の水分補給や料理に最適です。', '2026-06-24 10:00:00', '硬水', '福岡県', '天然水', 'ナチュラルウォーター', 0, 160),
(164, '背振山系 岩盤ろ過のシリカ水', '佐賀県の豊かな自然環境の中で育まれた、すっきりとした味わいとまろやかな口当たりが特徴の天然水です。毎日の水分補給や料理に最適です。', '2026-06-24 10:00:00', '軟水', '佐賀県', '天然水', 'ナチュラルミネラルウォーター', 1, 161),
(165, '雲仙麓 地熱はぐくむ温泉水', '長崎県の豊かな自然環境の中で育まれた、すっきりとした味わいとまろやかな口当たりが特徴の温泉水です。毎日の水分補給や料理に最適です。', '2026-06-24 10:00:00', '硬水', '長崎県', '温泉水', 'ミネラルウォーター', 0, 162),
(166, '阿蘇外輪山 湧水群の天然恵み', '熊本県の豊かな自然環境の中で育まれた、すっきりとした味わいとまろやかな口当たりが特徴の天然水です。毎日の水分補給や料理に最適です。', '2026-06-24 10:00:00', '軟水', '熊本県', '天然水', 'ミネラルウォーター', 1, 163),
(167, '由布院 霧深き里の炭酸サイダー', '大分県の豊かな自然環境の中で育まれた、すっきりとした味わいとまろやかな口当たりが特徴のご当地サイダーです。毎日の水分補給や料理に最適です。', '2026-06-24 10:00:00', '硬水', '大分県', 'ご当地サイダー', 'ナチュラルウォーター', 0, 164),
(168, '高千穂峡 神話の滝の雫', '宮崎県の豊かな自然環境の中で育まれた、すっきりとした味わいとまろやかな口当たりが特徴の天然水です。毎日の水分補給や料理に最適です。', '2026-06-24 10:00:00', '中硬水', '宮崎県', '天然水', 'ナチュラルウォーター', 1, 165),
(169, '桜島 活火山が磨いた極上温泉水', '鹿児島県の豊かな自然環境の中で育まれた、すっきりとした味わいとまろやかな口当たりが特徴の温泉水です。毎日の水分補給や料理に最適です。', '2026-06-24 10:00:00', '軟水', '鹿児島県', '温泉水', 'ボトルドウォーター', 0, 166),
(170, '久米島 水深612mの海洋深層水', '沖縄県の豊かな自然環境の中で育まれた、すっきりとした味わいとまろやかな口当たりが特徴の海洋深層水です。毎日の水分補給や料理に最適です。', '2026-06-24 10:00:00', '軟水', '沖縄県', '海洋深層水', 'ミネラルウォーター', 1, 167),
(171, '極寒の大地 氷河伏流水 プレミアム', '北海道の豊かな自然環境の中で育まれた、すっきりとした味わいとまろやかな口当たりが特徴の天然水です。毎日の水分補給や料理に最適です。', '2026-06-24 10:00:00', '中硬水', '北海道', '天然水', 'ナチュラルウォーター', 0, 168),
(172, '白神山地 薫る地底水 プレミアム', '青森県の豊かな自然環境の中で育まれた、すっきりとした味わいとまろやかな口当たりが特徴の天然水です。毎日の水分補給や料理に最適です。', '2026-06-24 10:00:00', '中硬水', '青森県', '天然水', 'ナチュラルミネラルウォーター', 0, 169),
(173, '龍泉洞の清らかな湧水 プレミアム', '岩手県の豊かな自然環境の中で育まれた、すっきりとした味わいとまろやかな口当たりが特徴の天然水です。毎日の水分補給や料理に最適です。', '2026-06-24 10:00:00', '中硬水', '岩手県', '天然水', 'ナチュラルミネラルウォーター', 0, 170),
(174, '鳥海山麓 雪解けの恵み プレミアム', '秋田県の豊かな自然環境の中で育まれた、すっきりとした味わいとまろやかな口当たりが特徴の天然水です。毎日の水分補給や料理に最適です。', '2026-06-24 10:00:00', '中硬水', '秋田県', '天然水', 'ミネラルウォーター', 0, 171),
(175, '出羽三山 霊峰の極軟水 プレミアム', '山形県の豊かな自然環境の中で育まれた、すっきりとした味わいとまろやかな口当たりが特徴の天然水です。毎日の水分補給や料理に最適です。', '2026-06-24 10:00:00', '軟水', '山形県', '天然水', 'ボトルドウォーター', 1, 172),
(176, '蔵王地層 炭酸仕立てサイダー プレミアム', '宮城県の豊かな自然環境の中で育まれた、すっきりとした味わいとまろやかな口当たりが特徴のご当地サイダーです。毎日の水分補給や料理に最適です。', '2026-06-24 10:00:00', '硬水', '宮城県', 'ご当地サイダー', 'ミネラルウォーター', 1, 173),
(177, '吾妻小富士 伏流水 プレミアム', '福島県の豊かな自然環境の中で育まれた、すっきりとした味わいとまろやかな口当たりが特徴の天然水です。毎日の水分補給や料理に最適です。', '2026-06-24 10:00:00', '中硬水', '福島県', '天然水', 'ナチュラルミネラルウォーター', 1, 174),
(178, '筑波山麓 湧き出づる銘水 プレミアム', '茨城県の豊かな自然環境の中で育まれた、すっきりとした味わいとまろやかな口当たりが特徴の天然水です。毎日の水分補給や料理に最適です。', '2026-06-24 10:00:00', '中硬水', '茨城県', '天然水', 'ナチュラルウォーター', 0, 175),
(179, '那須高原 森の天然アルカリ水 プレミアム', '栃木県の豊かな自然環境の中で育まれた、すっきりとした味わいとまろやかな口当たりが特徴のアルカリイオン水です。毎日の水分補給や料理に最適です。', '2026-06-24 10:00:00', '硬水', '栃木県', 'アルカリイオン水', 'ナチュラルウォーター', 1, 176),
(180, '尾瀬ヶ原 湿原の恵み純水 プレミアム', '群馬県の豊かな自然環境の中で育まれた、すっきりとした味わいとまろやかな口当たりが特徴の天然水です。毎日の水分補給や料理に最適です。', '2026-06-24 10:00:00', '硬水', '群馬県', '天然水', 'ミネラルウォーター', 1, 177),
(181, '秩父山系 結晶ろ過水 プレミアム', '埼玉県の豊かな自然環境の中で育まれた、すっきりとした味わいとまろやかな口当たりが特徴の天然水です。毎日の水分補給や料理に最適です。', '2026-06-24 10:00:00', '硬水', '埼玉県', '天然水', 'ナチュラルウォーター', 0, 178),
(182, '房総半島 漆黒の深層地下水 プレミアム', '千葉県の豊かな自然環境の中で育まれた、すっきりとした味わいとまろやかな口当たりが特徴の天然水です。毎日の水分補給や料理に最適です。', '2026-06-24 10:00:00', '硬水', '千葉県', '天然水', 'ボトルドウォーター', 0, 179),
(183, '奥多摩 清流の雫 プレミアム', '東京都の豊かな自然環境の中で育まれた、すっきりとした味わいとまろやかな口当たりが特徴の天然水です。毎日の水分補給や料理に最適です。', '2026-06-24 10:00:00', '軟水', '東京都', '天然水', 'ナチュラルウォーター', 0, 180),
(184, '丹沢大山 湧水仕込みサイダー プレミアム', '神奈川県の豊かな自然環境の中で育まれた、すっきりとした味わいとまろやかな口当たりが特徴のご当地サイダーです。毎日の水分補給や料理に最適です。', '2026-06-24 10:00:00', '硬水', '神奈川県', 'ご当地サイダー', 'ナチュラルミネラルウォーター', 1, 181),
(185, '越後三山 豪雪の恵み水 プレミアム', '新潟県の豊かな自然環境の中で育まれた、すっきりとした味わいとまろやかな口当たりが特徴の天然水です。毎日の水分補給や料理に最適です。', '2026-06-24 10:00:00', '硬水', '新潟県', 'ミネラルウォーター', '地下水', 1, 182),
(186, '立山連峰 氷河の置き土産 プレミアム', '富山県の豊かな自然環境の中で育まれた、すっきりとした味わいとまろやかな口当たりが特徴の天然水です。毎日の水分補給や料理に最適です。', '2026-06-24 10:00:00', '硬水', '富山県', '天然水', 'ナチュラルミネラルウォーター', 0, 183),
(187, '白山麓 湧水アルカリイオン水 プレミアム', '石川県の豊かな自然環境の中で育まれた、すっきりとした味わいとまろやかな口当たりが特徴のアルカリイオン水です。毎日の水分補給や料理に最適です。', '2026-06-24 10:00:00', '硬水', '石川県', 'アルカリイオン水', 'ナチュラルウォーター', 0, 184),
(188, '九頭竜川 源流の清らか水 プレミアム', '福井県の豊かな自然環境の中で育まれた、すっきりとした味わいとまろやかな口当たりが特徴の天然水です。毎日の水分補給や料理に最適です。', '2026-06-24 10:00:00', '軟水', '福井県', '天然水', 'ナチュラルウォーター', 1, 185),
(189, '南アルプス プレミアムスパークリング プレミアム', '山梨県の豊かな自然環境の中で育まれた、すっきりとした味わいとまろやかな口当たりが特徴の天然水です。毎日の水分補給や料理に最適です。', '2026-06-24 10:00:00', '中硬水', '山梨県', '天然水', 'ボトルドウォーター', 1, 186),
(190, '安曇野 わさび田を潤す銘水 プレミアム', '長野県の豊かな自然環境の中で育まれた、すっきりとした味わいとまろやかな口当たりが特徴の天然水です。毎日の水分補給や料理に最適です。', '2026-06-24 10:00:00', '軟水', '長野県', '天然水', 'ボトルドウォーター', 1, 187),
(191, '美濃の国 清流長良川の雫 プレミアム', '岐阜県の豊かな自然環境の中で育まれた、すっきりとした味わいとまろやかな口当たりが特徴の天然水です。毎日の水分補給や料理に最適です。', '2026-06-24 10:00:00', '軟水', '岐阜県', '天然水', 'ミネラルウォーター', 0, 188),
(192, '富士山麓 溶岩ろ過バナジウム水 プレミアム', '静岡県の豊かな自然環境の中で育まれた、すっきりとした味わいとまろやかな口当たりが特徴の天然水です。毎日の水分補給や料理に最適です。', '2026-06-24 10:00:00', '中硬水', '静岡県', '天然水', 'ボトルドウォーター', 1, 189),
(193, '奥三河 渓谷の清流ピュア水 プレミアム', '愛知県の豊かな自然環境の中で育まれた、すっきりとした味わいとまろやかな口当たりが特徴の天然水です。毎日の水分補給や料理に最適です。', '2026-06-24 10:00:00', '中硬水', '愛知県', '天然水', 'ミネラルウォーター', 1, 190),
(194, '伊勢神宮 禊の川の源流水 プレミアム', '三重県の豊かな自然環境の中で育まれた、すっきりとした味わいとまろやかな口当たりが特徴の天然水です。毎日の水分補給や料理に最適です。', '2026-06-24 10:00:00', '軟水', '三重県', '天然水', 'ミネラルウォーター', 1, 191),
(195, '琵琶湖深層 地底からの贈り物 プレミアム', '滋賀県の豊かな自然環境の中で育まれた、すっきりとした味わいとまろやかな口当たりが特徴の天然水です。毎日の水分補給や料理に最適です。', '2026-06-24 10:00:00', '中硬水', '滋賀県', '天然水', 'ナチュラルミネラルウォーター', 1, 192),
(196, '宇治の里 地下伏流水 プレミアム', '京都府の豊かな自然環境の中で育まれた、すっきりとした味わいとまろやかな口当たりが特徴の天然水です。毎日の水分補給や料理に最適です。', '2026-06-24 10:00:00', '軟水', '京都府', '天然水', 'ナチュラルウォーター', 0, 193),
(197, '箕面大滝 渓谷の清涼水 プレミアム', '大阪府の豊かな自然環境の中で育まれた、すっきりとした味わいとまろやかな口当たりが特徴の天然水です。毎日の水分補給や料理に最適です。', '2026-06-24 10:00:00', '軟水', '大阪府', '天然水', 'ナチュラルミネラルウォーター', 1, 194),
(198, '六甲山麓 クラシックミネラルウォーター プレミアム', '兵庫県の豊かな自然環境の中で育まれた、すっきりとした味わいとまろやかな口当たりが特徴の天然水です。毎日の水分補給や料理に最適です。', '2026-06-24 10:00:00', '硬水', '兵庫県', '天然水', 'ミネラルウォーター', 1, 195),
(199, '吉野の山々 桜うるおす銘水 プレミアム', '奈良県の豊かな自然環境の中で育まれた、すっきりとした味わいとまろやかな口当たりが特徴の天然水です。毎日の水分補給や料理に最適です。', '2026-06-24 10:00:00', '硬水', '奈良県', '天然水', 'ナチュラルウォーター', 0, 196),
(200, '熊野古道 聖地の神なる温泉水 プレミアム', '和歌山県の豊かな自然環境の中で育まれた、すっきりとした味わいとまろやかな口当たりが特徴の温泉水です。毎日の水分補給や料理に最適です。', '2026-06-24 10:00:00', '中硬水', '和歌山県', '温泉水', 'ナチュラルウォーター', 1, 197),
(201, '大山 氷河伏流アルカリ水 プレミアム', '鳥取県の豊かな自然環境の中で育まれた、すっきりとした味わいとまろやかな口当たりが特徴のアルカリイオン水です。毎日の水分補給や料理に最適です。', '2026-06-24 10:00:00', '硬水', '鳥取県', 'アルカリイオン水', 'ナチュラルウォーター', 0, 198),
(202, '出雲の国 神話の郷のアルカリ水 プレミアム', '島根県の豊かな自然環境の中で育まれた、すっきりとした味わいとまろやかな口当たりが特徴のアルカリイオン水です。毎日の水分補給や料理に最適です。', '2026-06-24 10:00:00', '硬水', '島根県', 'アルカリイオン水', 'ミネラルウォーター', 0, 199),
(203, '美作三湯 湯原の恵み温泉水 プレミアム', '岡山県の豊かな自然環境の中で育まれた、すっきりとした味わいとまろやかな口当たりが特徴の温泉水です。毎日の水分補給や料理に最適です。', '2026-06-24 10:00:00', '硬水', '岡山県', 'ミネラルウォーター', '地下水', 1, 200),
(206, '水', '水の紹介', '2026-07-08 11:01:07', '軟水', '岐阜県', 'ナチュラルウォーター', '温泉水', NULL, NULL);

-- --------------------------------------------------------

--
-- テーブルの構造 `product_images`
--

CREATE TABLE `product_images` (
  `id` int(11) NOT NULL,
  `product_id` int(11) NOT NULL,
  `image_url` varchar(255) NOT NULL,
  `sort_order` int(11) NOT NULL DEFAULT 0
) ENGINE=InnoDB DEFAULT CHARSET=utf8mb4 COLLATE=utf8mb4_general_ci;

--
-- テーブルのデータのダンプ `product_images`
--

INSERT INTO `product_images` (`id`, `product_id`, `image_url`, `sort_order`) VALUES
(3619, 1, '/images/products/detail_sub2.jpg', 1),
(3620, 2, '/images/products/detail_sub2.jpg', 1),
(3621, 3, '/images/products/detail_sub2.jpg', 1),
(3622, 4, '/images/products/detail_sub2.jpg', 1),
(3623, 5, '/images/products/detail_sub2.jpg', 1),
(3624, 6, '/images/products/detail_sub2.jpg', 1),
(3625, 7, '/images/products/detail_sub2.jpg', 1),
(3626, 8, '/images/products/detail_sub2.jpg', 1),
(3627, 9, '/images/products/detail_sub2.jpg', 1),
(3628, 10, '/images/products/detail_sub2.jpg', 1),
(3629, 11, '/images/products/detail_sub2.jpg', 1),
(3630, 12, '/images/products/detail_sub2.jpg', 1),
(3631, 13, '/images/products/detail_sub2.jpg', 1),
(3632, 14, '/images/products/detail_sub2.jpg', 1),
(3633, 15, '/images/products/detail_sub2.jpg', 1),
(3634, 16, '/images/products/detail_sub2.jpg', 1),
(3635, 17, '/images/products/detail_sub2.jpg', 1),
(3636, 18, '/images/products/detail_sub2.jpg', 1),
(3637, 19, '/images/products/detail_sub2.jpg', 1),
(3638, 20, '/images/products/detail_sub2.jpg', 1),
(3639, 21, '/images/products/detail_sub2.jpg', 1),
(3640, 22, '/images/products/detail_sub2.jpg', 1),
(3641, 23, '/images/products/detail_sub2.jpg', 1),
(3642, 24, '/images/products/detail_sub2.jpg', 1),
(3643, 25, '/images/products/detail_sub2.jpg', 1),
(3644, 26, '/images/products/detail_sub2.jpg', 1),
(3645, 27, '/images/products/detail_sub2.jpg', 1),
(3646, 28, '/images/products/detail_sub2.jpg', 1),
(3647, 29, '/images/products/detail_sub2.jpg', 1),
(3648, 30, '/images/products/detail_sub2.jpg', 1),
(3649, 31, '/images/products/detail_sub2.jpg', 1),
(3650, 32, '/images/products/detail_sub2.jpg', 1),
(3651, 33, '/images/products/detail_sub2.jpg', 1),
(3652, 34, '/images/products/detail_sub2.jpg', 1),
(3653, 35, '/images/products/detail_sub2.jpg', 1),
(3654, 36, '/images/products/detail_sub2.jpg', 1),
(3655, 37, '/images/products/detail_sub2.jpg', 1),
(3656, 38, '/images/products/detail_sub2.jpg', 1),
(3657, 39, '/images/products/detail_sub2.jpg', 1),
(3658, 40, '/images/products/detail_sub2.jpg', 1),
(3659, 41, '/images/products/detail_sub2.jpg', 1),
(3660, 42, '/images/products/detail_sub2.jpg', 1),
(3661, 43, '/images/products/detail_sub2.jpg', 1),
(3662, 44, '/images/products/detail_sub2.jpg', 1),
(3663, 45, '/images/products/detail_sub2.jpg', 1),
(3664, 46, '/images/products/detail_sub2.jpg', 1),
(3665, 47, '/images/products/detail_sub2.jpg', 1),
(3666, 48, '/images/products/detail_sub2.jpg', 1),
(3667, 49, '/images/products/detail_sub2.jpg', 1),
(3668, 50, '/images/products/detail_sub2.jpg', 1),
(3669, 51, '/images/products/detail_sub2.jpg', 1),
(3670, 52, '/images/products/detail_sub2.jpg', 1),
(3671, 53, '/images/products/detail_sub2.jpg', 1),
(3672, 54, '/images/products/detail_sub2.jpg', 1),
(3673, 55, '/images/products/detail_sub2.jpg', 1),
(3674, 56, '/images/products/detail_sub2.jpg', 1),
(3675, 57, '/images/products/detail_sub2.jpg', 1),
(3676, 58, '/images/products/detail_sub2.jpg', 1),
(3677, 59, '/images/products/detail_sub2.jpg', 1),
(3678, 60, '/images/products/detail_sub2.jpg', 1),
(3679, 61, '/images/products/detail_sub2.jpg', 1),
(3680, 62, '/images/products/detail_sub2.jpg', 1),
(3681, 63, '/images/products/detail_sub2.jpg', 1),
(3682, 64, '/images/products/detail_sub2.jpg', 1),
(3683, 65, '/images/products/detail_sub2.jpg', 1),
(3684, 66, '/images/products/detail_sub2.jpg', 1),
(3685, 67, '/images/products/detail_sub2.jpg', 1),
(3686, 68, '/images/products/detail_sub2.jpg', 1),
(3687, 69, '/images/products/detail_sub2.jpg', 1),
(3688, 70, '/images/products/detail_sub2.jpg', 1),
(3689, 71, '/images/products/detail_sub2.jpg', 1),
(3690, 72, '/images/products/detail_sub2.jpg', 1),
(3691, 73, '/images/products/detail_sub2.jpg', 1),
(3692, 74, '/images/products/detail_sub2.jpg', 1),
(3693, 75, '/images/products/detail_sub2.jpg', 1),
(3694, 76, '/images/products/detail_sub2.jpg', 1),
(3695, 77, '/images/products/detail_sub2.jpg', 1),
(3696, 78, '/images/products/detail_sub2.jpg', 1),
(3697, 79, '/images/products/detail_sub2.jpg', 1),
(3698, 80, '/images/products/detail_sub2.jpg', 1),
(3699, 81, '/images/products/detail_sub2.jpg', 1),
(3700, 82, '/images/products/detail_sub2.jpg', 1),
(3701, 83, '/images/products/detail_sub2.jpg', 1),
(3702, 84, '/images/products/detail_sub2.jpg', 1),
(3703, 85, '/images/products/detail_sub2.jpg', 1),
(3704, 86, '/images/products/detail_sub2.jpg', 1),
(3705, 87, '/images/products/detail_sub2.jpg', 1),
(3706, 88, '/images/products/detail_sub2.jpg', 1),
(3707, 89, '/images/products/detail_sub2.jpg', 1),
(3708, 90, '/images/products/detail_sub2.jpg', 1),
(3709, 91, '/images/products/detail_sub2.jpg', 1),
(3710, 92, '/images/products/detail_sub2.jpg', 1),
(3711, 93, '/images/products/detail_sub2.jpg', 1),
(3712, 94, '/images/products/detail_sub2.jpg', 1),
(3713, 95, '/images/products/detail_sub2.jpg', 1),
(3714, 96, '/images/products/detail_sub2.jpg', 1),
(3715, 97, '/images/products/detail_sub2.jpg', 1),
(3716, 98, '/images/products/detail_sub2.jpg', 1),
(3717, 99, '/images/products/detail_sub2.jpg', 1),
(3718, 100, '/images/products/detail_sub2.jpg', 1),
(3719, 101, '/images/products/detail_sub2.jpg', 1),
(3720, 102, '/images/products/detail_sub2.jpg', 1),
(3721, 103, '/images/products/detail_sub2.jpg', 1),
(3722, 104, '/images/products/detail_sub2.jpg', 1),
(3723, 105, '/images/products/detail_sub2.jpg', 1),
(3724, 106, '/images/products/detail_sub2.jpg', 1),
(3725, 107, '/images/products/detail_sub2.jpg', 1),
(3726, 108, '/images/products/detail_sub2.jpg', 1),
(3727, 109, '/images/products/detail_sub2.jpg', 1),
(3728, 110, '/images/products/detail_sub2.jpg', 1),
(3729, 111, '/images/products/detail_sub2.jpg', 1),
(3730, 112, '/images/products/detail_sub2.jpg', 1),
(3731, 113, '/images/products/detail_sub2.jpg', 1),
(3732, 114, '/images/products/detail_sub2.jpg', 1),
(3733, 115, '/images/products/detail_sub2.jpg', 1),
(3734, 116, '/images/products/detail_sub2.jpg', 1),
(3735, 117, '/images/products/detail_sub2.jpg', 1),
(3736, 118, '/images/products/detail_sub2.jpg', 1),
(3737, 119, '/images/products/detail_sub2.jpg', 1),
(3738, 120, '/images/products/detail_sub2.jpg', 1),
(3739, 121, '/images/products/detail_sub2.jpg', 1),
(3740, 122, '/images/products/detail_sub2.jpg', 1),
(3741, 123, '/images/products/detail_sub2.jpg', 1),
(3742, 124, '/images/products/detail_sub2.jpg', 1),
(3743, 125, '/images/products/detail_sub2.jpg', 1),
(3744, 126, '/images/products/detail_sub2.jpg', 1),
(3745, 127, '/images/products/detail_sub2.jpg', 1),
(3746, 128, '/images/products/detail_sub2.jpg', 1),
(3747, 129, '/images/products/detail_sub2.jpg', 1),
(3748, 130, '/images/products/detail_sub2.jpg', 1),
(3749, 131, '/images/products/detail_sub2.jpg', 1),
(3750, 132, '/images/products/detail_sub2.jpg', 1),
(3751, 133, '/images/products/detail_sub2.jpg', 1),
(3752, 134, '/images/products/detail_sub2.jpg', 1),
(3753, 135, '/images/products/detail_sub2.jpg', 1),
(3754, 136, '/images/products/detail_sub2.jpg', 1),
(3755, 137, '/images/products/detail_sub2.jpg', 1),
(3756, 138, '/images/products/detail_sub2.jpg', 1),
(3757, 139, '/images/products/detail_sub2.jpg', 1),
(3758, 140, '/images/products/detail_sub2.jpg', 1),
(3759, 141, '/images/products/detail_sub2.jpg', 1),
(3760, 142, '/images/products/detail_sub2.jpg', 1),
(3761, 143, '/images/products/detail_sub2.jpg', 1),
(3762, 144, '/images/products/detail_sub2.jpg', 1),
(3763, 145, '/images/products/detail_sub2.jpg', 1),
(3764, 146, '/images/products/detail_sub2.jpg', 1),
(3765, 147, '/images/products/detail_sub2.jpg', 1),
(3766, 148, '/images/products/detail_sub2.jpg', 1),
(3767, 149, '/images/products/detail_sub2.jpg', 1),
(3768, 150, '/images/products/detail_sub2.jpg', 1),
(3769, 151, '/images/products/detail_sub2.jpg', 1),
(3770, 152, '/images/products/detail_sub2.jpg', 1),
(3771, 153, '/images/products/detail_sub2.jpg', 1),
(3772, 154, '/images/products/detail_sub2.jpg', 1),
(3773, 155, '/images/products/detail_sub2.jpg', 1),
(3774, 156, '/images/products/detail_sub2.jpg', 1),
(3775, 157, '/images/products/detail_sub2.jpg', 1),
(3776, 158, '/images/products/detail_sub2.jpg', 1),
(3777, 159, '/images/products/detail_sub2.jpg', 1),
(3778, 160, '/images/products/detail_sub2.jpg', 1),
(3779, 161, '/images/products/detail_sub2.jpg', 1),
(3780, 162, '/images/products/detail_sub2.jpg', 1),
(3781, 163, '/images/products/detail_sub2.jpg', 1),
(3782, 164, '/images/products/detail_sub2.jpg', 1),
(3783, 165, '/images/products/detail_sub2.jpg', 1),
(3784, 166, '/images/products/detail_sub2.jpg', 1),
(3785, 167, '/images/products/detail_sub2.jpg', 1),
(3786, 168, '/images/products/detail_sub2.jpg', 1),
(3787, 169, '/images/products/detail_sub2.jpg', 1),
(3788, 170, '/images/products/detail_sub2.jpg', 1),
(3789, 171, '/images/products/detail_sub2.jpg', 1),
(3790, 172, '/images/products/detail_sub2.jpg', 1),
(3791, 173, '/images/products/detail_sub2.jpg', 1),
(3792, 174, '/images/products/detail_sub2.jpg', 1),
(3793, 175, '/images/products/detail_sub2.jpg', 1),
(3794, 176, '/images/products/detail_sub2.jpg', 1),
(3795, 177, '/images/products/detail_sub2.jpg', 1),
(3796, 178, '/images/products/detail_sub2.jpg', 1),
(3797, 179, '/images/products/detail_sub2.jpg', 1),
(3798, 180, '/images/products/detail_sub2.jpg', 1),
(3799, 181, '/images/products/detail_sub2.jpg', 1),
(3800, 182, '/images/products/detail_sub2.jpg', 1),
(3801, 183, '/images/products/detail_sub2.jpg', 1),
(3802, 184, '/images/products/detail_sub2.jpg', 1),
(3803, 185, '/images/products/detail_sub2.jpg', 1),
(3804, 186, '/images/products/detail_sub2.jpg', 1),
(3805, 187, '/images/products/detail_sub2.jpg', 1),
(3806, 188, '/images/products/detail_sub2.jpg', 1),
(3807, 189, '/images/products/detail_sub2.jpg', 1),
(3808, 190, '/images/products/detail_sub2.jpg', 1),
(3809, 191, '/images/products/detail_sub2.jpg', 1),
(3810, 192, '/images/products/detail_sub2.jpg', 1),
(3811, 193, '/images/products/detail_sub2.jpg', 1),
(3812, 194, '/images/products/detail_sub2.jpg', 1),
(3813, 195, '/images/products/detail_sub2.jpg', 1),
(3814, 196, '/images/products/detail_sub2.jpg', 1),
(3815, 197, '/images/products/detail_sub2.jpg', 1),
(3816, 198, '/images/products/detail_sub2.jpg', 1),
(3817, 199, '/images/products/detail_sub2.jpg', 1),
(3818, 200, '/images/products/detail_sub2.jpg', 1),
(3819, 201, '/images/products/detail_sub2.jpg', 1),
(3820, 202, '/images/products/detail_sub2.jpg', 1),
(3821, 203, '/images/products/detail_sub2.jpg', 1),
(3874, 1, '/images/products/detail_sub3.jpg', 2),
(3875, 2, '/images/products/detail_sub3.jpg', 2),
(3876, 3, '/images/products/detail_sub3.jpg', 2),
(3877, 4, '/images/products/detail_sub3.jpg', 2),
(3878, 5, '/images/products/detail_sub3.jpg', 2),
(3879, 6, '/images/products/detail_sub3.jpg', 2),
(3880, 7, '/images/products/detail_sub3.jpg', 2),
(3881, 8, '/images/products/detail_sub3.jpg', 2),
(3882, 9, '/images/products/detail_sub3.jpg', 2),
(3883, 10, '/images/products/detail_sub3.jpg', 2),
(3884, 11, '/images/products/detail_sub3.jpg', 2),
(3885, 12, '/images/products/detail_sub3.jpg', 2),
(3886, 13, '/images/products/detail_sub3.jpg', 2),
(3887, 14, '/images/products/detail_sub3.jpg', 2),
(3888, 15, '/images/products/detail_sub3.jpg', 2),
(3889, 16, '/images/products/detail_sub3.jpg', 2),
(3890, 17, '/images/products/detail_sub3.jpg', 2),
(3891, 18, '/images/products/detail_sub3.jpg', 2),
(3892, 19, '/images/products/detail_sub3.jpg', 2),
(3893, 20, '/images/products/detail_sub3.jpg', 2),
(3894, 21, '/images/products/detail_sub3.jpg', 2),
(3895, 22, '/images/products/detail_sub3.jpg', 2),
(3896, 23, '/images/products/detail_sub3.jpg', 2),
(3897, 24, '/images/products/detail_sub3.jpg', 2),
(3898, 25, '/images/products/detail_sub3.jpg', 2),
(3899, 26, '/images/products/detail_sub3.jpg', 2),
(3900, 27, '/images/products/detail_sub3.jpg', 2),
(3901, 28, '/images/products/detail_sub3.jpg', 2),
(3902, 29, '/images/products/detail_sub3.jpg', 2),
(3903, 30, '/images/products/detail_sub3.jpg', 2),
(3904, 31, '/images/products/detail_sub3.jpg', 2),
(3905, 32, '/images/products/detail_sub3.jpg', 2),
(3906, 33, '/images/products/detail_sub3.jpg', 2),
(3907, 34, '/images/products/detail_sub3.jpg', 2),
(3908, 35, '/images/products/detail_sub3.jpg', 2),
(3909, 36, '/images/products/detail_sub3.jpg', 2),
(3910, 37, '/images/products/detail_sub3.jpg', 2),
(3911, 38, '/images/products/detail_sub3.jpg', 2),
(3912, 39, '/images/products/detail_sub3.jpg', 2),
(3913, 40, '/images/products/detail_sub3.jpg', 2),
(3914, 41, '/images/products/detail_sub3.jpg', 2),
(3915, 42, '/images/products/detail_sub3.jpg', 2),
(3916, 43, '/images/products/detail_sub3.jpg', 2),
(3917, 44, '/images/products/detail_sub3.jpg', 2),
(3918, 45, '/images/products/detail_sub3.jpg', 2),
(3919, 46, '/images/products/detail_sub3.jpg', 2),
(3920, 47, '/images/products/detail_sub3.jpg', 2),
(3921, 48, '/images/products/detail_sub3.jpg', 2),
(3922, 49, '/images/products/detail_sub3.jpg', 2),
(3923, 50, '/images/products/detail_sub3.jpg', 2),
(3924, 51, '/images/products/detail_sub3.jpg', 2),
(3925, 52, '/images/products/detail_sub3.jpg', 2),
(3926, 53, '/images/products/detail_sub3.jpg', 2),
(3927, 54, '/images/products/detail_sub3.jpg', 2),
(3928, 55, '/images/products/detail_sub3.jpg', 2),
(3929, 56, '/images/products/detail_sub3.jpg', 2),
(3930, 57, '/images/products/detail_sub3.jpg', 2),
(3931, 58, '/images/products/detail_sub3.jpg', 2),
(3932, 59, '/images/products/detail_sub3.jpg', 2),
(3933, 60, '/images/products/detail_sub3.jpg', 2),
(3934, 61, '/images/products/detail_sub3.jpg', 2),
(3935, 62, '/images/products/detail_sub3.jpg', 2),
(3936, 63, '/images/products/detail_sub3.jpg', 2),
(3937, 64, '/images/products/detail_sub3.jpg', 2),
(3938, 65, '/images/products/detail_sub3.jpg', 2),
(3939, 66, '/images/products/detail_sub3.jpg', 2),
(3940, 67, '/images/products/detail_sub3.jpg', 2),
(3941, 68, '/images/products/detail_sub3.jpg', 2),
(3942, 69, '/images/products/detail_sub3.jpg', 2),
(3943, 70, '/images/products/detail_sub3.jpg', 2),
(3944, 71, '/images/products/detail_sub3.jpg', 2),
(3945, 72, '/images/products/detail_sub3.jpg', 2),
(3946, 73, '/images/products/detail_sub3.jpg', 2),
(3947, 74, '/images/products/detail_sub3.jpg', 2),
(3948, 75, '/images/products/detail_sub3.jpg', 2),
(3949, 76, '/images/products/detail_sub3.jpg', 2),
(3950, 77, '/images/products/detail_sub3.jpg', 2),
(3951, 78, '/images/products/detail_sub3.jpg', 2),
(3952, 79, '/images/products/detail_sub3.jpg', 2),
(3953, 80, '/images/products/detail_sub3.jpg', 2),
(3954, 81, '/images/products/detail_sub3.jpg', 2),
(3955, 82, '/images/products/detail_sub3.jpg', 2),
(3956, 83, '/images/products/detail_sub3.jpg', 2),
(3957, 84, '/images/products/detail_sub3.jpg', 2),
(3958, 85, '/images/products/detail_sub3.jpg', 2),
(3959, 86, '/images/products/detail_sub3.jpg', 2),
(3960, 87, '/images/products/detail_sub3.jpg', 2),
(3961, 88, '/images/products/detail_sub3.jpg', 2),
(3962, 89, '/images/products/detail_sub3.jpg', 2),
(3963, 90, '/images/products/detail_sub3.jpg', 2),
(3964, 91, '/images/products/detail_sub3.jpg', 2),
(3965, 92, '/images/products/detail_sub3.jpg', 2),
(3966, 93, '/images/products/detail_sub3.jpg', 2),
(3967, 94, '/images/products/detail_sub3.jpg', 2),
(3968, 95, '/images/products/detail_sub3.jpg', 2),
(3969, 96, '/images/products/detail_sub3.jpg', 2),
(3970, 97, '/images/products/detail_sub3.jpg', 2),
(3971, 98, '/images/products/detail_sub3.jpg', 2),
(3972, 99, '/images/products/detail_sub3.jpg', 2),
(3973, 100, '/images/products/detail_sub3.jpg', 2),
(3974, 101, '/images/products/detail_sub3.jpg', 2),
(3975, 102, '/images/products/detail_sub3.jpg', 2),
(3976, 103, '/images/products/detail_sub3.jpg', 2),
(3977, 104, '/images/products/detail_sub3.jpg', 2),
(3978, 105, '/images/products/detail_sub3.jpg', 2),
(3979, 106, '/images/products/detail_sub3.jpg', 2),
(3980, 107, '/images/products/detail_sub3.jpg', 2),
(3981, 108, '/images/products/detail_sub3.jpg', 2),
(3982, 109, '/images/products/detail_sub3.jpg', 2),
(3983, 110, '/images/products/detail_sub3.jpg', 2),
(3984, 111, '/images/products/detail_sub3.jpg', 2),
(3985, 112, '/images/products/detail_sub3.jpg', 2),
(3986, 113, '/images/products/detail_sub3.jpg', 2),
(3987, 114, '/images/products/detail_sub3.jpg', 2),
(3988, 115, '/images/products/detail_sub3.jpg', 2),
(3989, 116, '/images/products/detail_sub3.jpg', 2),
(3990, 117, '/images/products/detail_sub3.jpg', 2),
(3991, 118, '/images/products/detail_sub3.jpg', 2),
(3992, 119, '/images/products/detail_sub3.jpg', 2),
(3993, 120, '/images/products/detail_sub3.jpg', 2),
(3994, 121, '/images/products/detail_sub3.jpg', 2),
(3995, 122, '/images/products/detail_sub3.jpg', 2),
(3996, 123, '/images/products/detail_sub3.jpg', 2),
(3997, 124, '/images/products/detail_sub3.jpg', 2),
(3998, 125, '/images/products/detail_sub3.jpg', 2),
(3999, 126, '/images/products/detail_sub3.jpg', 2),
(4000, 127, '/images/products/detail_sub3.jpg', 2),
(4001, 128, '/images/products/detail_sub3.jpg', 2),
(4002, 129, '/images/products/detail_sub3.jpg', 2),
(4003, 130, '/images/products/detail_sub3.jpg', 2),
(4004, 131, '/images/products/detail_sub3.jpg', 2),
(4005, 132, '/images/products/detail_sub3.jpg', 2),
(4006, 133, '/images/products/detail_sub3.jpg', 2),
(4007, 134, '/images/products/detail_sub3.jpg', 2),
(4008, 135, '/images/products/detail_sub3.jpg', 2),
(4009, 136, '/images/products/detail_sub3.jpg', 2),
(4010, 137, '/images/products/detail_sub3.jpg', 2),
(4011, 138, '/images/products/detail_sub3.jpg', 2),
(4012, 139, '/images/products/detail_sub3.jpg', 2),
(4013, 140, '/images/products/detail_sub3.jpg', 2),
(4014, 141, '/images/products/detail_sub3.jpg', 2),
(4015, 142, '/images/products/detail_sub3.jpg', 2),
(4016, 143, '/images/products/detail_sub3.jpg', 2),
(4017, 144, '/images/products/detail_sub3.jpg', 2),
(4018, 145, '/images/products/detail_sub3.jpg', 2),
(4019, 146, '/images/products/detail_sub3.jpg', 2),
(4020, 147, '/images/products/detail_sub3.jpg', 2),
(4021, 148, '/images/products/detail_sub3.jpg', 2),
(4022, 149, '/images/products/detail_sub3.jpg', 2),
(4023, 150, '/images/products/detail_sub3.jpg', 2),
(4024, 151, '/images/products/detail_sub3.jpg', 2),
(4025, 152, '/images/products/detail_sub3.jpg', 2),
(4026, 153, '/images/products/detail_sub3.jpg', 2),
(4027, 154, '/images/products/detail_sub3.jpg', 2),
(4028, 155, '/images/products/detail_sub3.jpg', 2),
(4029, 156, '/images/products/detail_sub3.jpg', 2),
(4030, 157, '/images/products/detail_sub3.jpg', 2),
(4031, 158, '/images/products/detail_sub3.jpg', 2),
(4032, 159, '/images/products/detail_sub3.jpg', 2),
(4033, 160, '/images/products/detail_sub3.jpg', 2),
(4034, 161, '/images/products/detail_sub3.jpg', 2),
(4035, 162, '/images/products/detail_sub3.jpg', 2),
(4036, 163, '/images/products/detail_sub3.jpg', 2),
(4037, 164, '/images/products/detail_sub3.jpg', 2),
(4038, 165, '/images/products/detail_sub3.jpg', 2),
(4039, 166, '/images/products/detail_sub3.jpg', 2),
(4040, 167, '/images/products/detail_sub3.jpg', 2),
(4041, 168, '/images/products/detail_sub3.jpg', 2),
(4042, 169, '/images/products/detail_sub3.jpg', 2),
(4043, 170, '/images/products/detail_sub3.jpg', 2),
(4044, 171, '/images/products/detail_sub3.jpg', 2),
(4045, 172, '/images/products/detail_sub3.jpg', 2),
(4046, 173, '/images/products/detail_sub3.jpg', 2),
(4047, 174, '/images/products/detail_sub3.jpg', 2),
(4048, 175, '/images/products/detail_sub3.jpg', 2),
(4049, 176, '/images/products/detail_sub3.jpg', 2),
(4050, 177, '/images/products/detail_sub3.jpg', 2),
(4051, 178, '/images/products/detail_sub3.jpg', 2),
(4052, 179, '/images/products/detail_sub3.jpg', 2),
(4053, 180, '/images/products/detail_sub3.jpg', 2),
(4054, 181, '/images/products/detail_sub3.jpg', 2),
(4055, 182, '/images/products/detail_sub3.jpg', 2),
(4056, 183, '/images/products/detail_sub3.jpg', 2),
(4057, 184, '/images/products/detail_sub3.jpg', 2),
(4058, 185, '/images/products/detail_sub3.jpg', 2),
(4059, 186, '/images/products/detail_sub3.jpg', 2),
(4060, 187, '/images/products/detail_sub3.jpg', 2),
(4061, 188, '/images/products/detail_sub3.jpg', 2),
(4062, 189, '/images/products/detail_sub3.jpg', 2),
(4063, 190, '/images/products/detail_sub3.jpg', 2),
(4064, 191, '/images/products/detail_sub3.jpg', 2),
(4065, 192, '/images/products/detail_sub3.jpg', 2),
(4066, 193, '/images/products/detail_sub3.jpg', 2),
(4067, 194, '/images/products/detail_sub3.jpg', 2),
(4068, 195, '/images/products/detail_sub3.jpg', 2),
(4069, 196, '/images/products/detail_sub3.jpg', 2),
(4070, 197, '/images/products/detail_sub3.jpg', 2),
(4071, 198, '/images/products/detail_sub3.jpg', 2),
(4072, 199, '/images/products/detail_sub3.jpg', 2),
(4073, 200, '/images/products/detail_sub3.jpg', 2),
(4074, 201, '/images/products/detail_sub3.jpg', 2),
(4075, 202, '/images/products/detail_sub3.jpg', 2),
(4076, 203, '/images/products/detail_sub3.jpg', 2),
(4129, 1, '/images/products/detail_sub4.jpg', 3),
(4130, 2, '/images/products/detail_sub4.jpg', 3),
(4131, 3, '/images/products/detail_sub4.jpg', 3),
(4132, 4, '/images/products/detail_sub4.jpg', 3),
(4133, 5, '/images/products/detail_sub4.jpg', 3),
(4134, 6, '/images/products/detail_sub4.jpg', 3),
(4135, 7, '/images/products/detail_sub4.jpg', 3),
(4136, 8, '/images/products/detail_sub4.jpg', 3),
(4137, 9, '/images/products/detail_sub4.jpg', 3),
(4138, 10, '/images/products/detail_sub4.jpg', 3),
(4139, 11, '/images/products/detail_sub4.jpg', 3),
(4140, 12, '/images/products/detail_sub4.jpg', 3),
(4141, 13, '/images/products/detail_sub4.jpg', 3),
(4142, 14, '/images/products/detail_sub4.jpg', 3),
(4143, 15, '/images/products/detail_sub4.jpg', 3),
(4144, 16, '/images/products/detail_sub4.jpg', 3),
(4145, 17, '/images/products/detail_sub4.jpg', 3),
(4146, 18, '/images/products/detail_sub4.jpg', 3),
(4147, 19, '/images/products/detail_sub4.jpg', 3),
(4148, 20, '/images/products/detail_sub4.jpg', 3),
(4149, 21, '/images/products/detail_sub4.jpg', 3),
(4150, 22, '/images/products/detail_sub4.jpg', 3),
(4151, 23, '/images/products/detail_sub4.jpg', 3),
(4152, 24, '/images/products/detail_sub4.jpg', 3),
(4153, 25, '/images/products/detail_sub4.jpg', 3),
(4154, 26, '/images/products/detail_sub4.jpg', 3),
(4155, 27, '/images/products/detail_sub4.jpg', 3),
(4156, 28, '/images/products/detail_sub4.jpg', 3),
(4157, 29, '/images/products/detail_sub4.jpg', 3),
(4158, 30, '/images/products/detail_sub4.jpg', 3),
(4159, 31, '/images/products/detail_sub4.jpg', 3),
(4160, 32, '/images/products/detail_sub4.jpg', 3),
(4161, 33, '/images/products/detail_sub4.jpg', 3),
(4162, 34, '/images/products/detail_sub4.jpg', 3),
(4163, 35, '/images/products/detail_sub4.jpg', 3),
(4164, 36, '/images/products/detail_sub4.jpg', 3),
(4165, 37, '/images/products/detail_sub4.jpg', 3),
(4166, 38, '/images/products/detail_sub4.jpg', 3),
(4167, 39, '/images/products/detail_sub4.jpg', 3),
(4168, 40, '/images/products/detail_sub4.jpg', 3),
(4169, 41, '/images/products/detail_sub4.jpg', 3),
(4170, 42, '/images/products/detail_sub4.jpg', 3),
(4171, 43, '/images/products/detail_sub4.jpg', 3),
(4172, 44, '/images/products/detail_sub4.jpg', 3),
(4173, 45, '/images/products/detail_sub4.jpg', 3),
(4174, 46, '/images/products/detail_sub4.jpg', 3),
(4175, 47, '/images/products/detail_sub4.jpg', 3),
(4176, 48, '/images/products/detail_sub4.jpg', 3),
(4177, 49, '/images/products/detail_sub4.jpg', 3),
(4178, 50, '/images/products/detail_sub4.jpg', 3),
(4179, 51, '/images/products/detail_sub4.jpg', 3),
(4180, 52, '/images/products/detail_sub4.jpg', 3),
(4181, 53, '/images/products/detail_sub4.jpg', 3),
(4182, 54, '/images/products/detail_sub4.jpg', 3),
(4183, 55, '/images/products/detail_sub4.jpg', 3),
(4184, 56, '/images/products/detail_sub4.jpg', 3),
(4185, 57, '/images/products/detail_sub4.jpg', 3),
(4186, 58, '/images/products/detail_sub4.jpg', 3),
(4187, 59, '/images/products/detail_sub4.jpg', 3),
(4188, 60, '/images/products/detail_sub4.jpg', 3),
(4189, 61, '/images/products/detail_sub4.jpg', 3),
(4190, 62, '/images/products/detail_sub4.jpg', 3),
(4191, 63, '/images/products/detail_sub4.jpg', 3),
(4192, 64, '/images/products/detail_sub4.jpg', 3),
(4193, 65, '/images/products/detail_sub4.jpg', 3),
(4194, 66, '/images/products/detail_sub4.jpg', 3),
(4195, 67, '/images/products/detail_sub4.jpg', 3),
(4196, 68, '/images/products/detail_sub4.jpg', 3),
(4197, 69, '/images/products/detail_sub4.jpg', 3),
(4198, 70, '/images/products/detail_sub4.jpg', 3),
(4199, 71, '/images/products/detail_sub4.jpg', 3),
(4200, 72, '/images/products/detail_sub4.jpg', 3),
(4201, 73, '/images/products/detail_sub4.jpg', 3),
(4202, 74, '/images/products/detail_sub4.jpg', 3),
(4203, 75, '/images/products/detail_sub4.jpg', 3),
(4204, 76, '/images/products/detail_sub4.jpg', 3),
(4205, 77, '/images/products/detail_sub4.jpg', 3),
(4206, 78, '/images/products/detail_sub4.jpg', 3),
(4207, 79, '/images/products/detail_sub4.jpg', 3),
(4208, 80, '/images/products/detail_sub4.jpg', 3),
(4209, 81, '/images/products/detail_sub4.jpg', 3),
(4210, 82, '/images/products/detail_sub4.jpg', 3),
(4211, 83, '/images/products/detail_sub4.jpg', 3),
(4212, 84, '/images/products/detail_sub4.jpg', 3),
(4213, 85, '/images/products/detail_sub4.jpg', 3),
(4214, 86, '/images/products/detail_sub4.jpg', 3),
(4215, 87, '/images/products/detail_sub4.jpg', 3),
(4216, 88, '/images/products/detail_sub4.jpg', 3),
(4217, 89, '/images/products/detail_sub4.jpg', 3),
(4218, 90, '/images/products/detail_sub4.jpg', 3),
(4219, 91, '/images/products/detail_sub4.jpg', 3),
(4220, 92, '/images/products/detail_sub4.jpg', 3),
(4221, 93, '/images/products/detail_sub4.jpg', 3),
(4222, 94, '/images/products/detail_sub4.jpg', 3),
(4223, 95, '/images/products/detail_sub4.jpg', 3),
(4224, 96, '/images/products/detail_sub4.jpg', 3),
(4225, 97, '/images/products/detail_sub4.jpg', 3),
(4226, 98, '/images/products/detail_sub4.jpg', 3),
(4227, 99, '/images/products/detail_sub4.jpg', 3),
(4228, 100, '/images/products/detail_sub4.jpg', 3),
(4229, 101, '/images/products/detail_sub4.jpg', 3),
(4230, 102, '/images/products/detail_sub4.jpg', 3),
(4231, 103, '/images/products/detail_sub4.jpg', 3),
(4232, 104, '/images/products/detail_sub4.jpg', 3),
(4233, 105, '/images/products/detail_sub4.jpg', 3),
(4234, 106, '/images/products/detail_sub4.jpg', 3),
(4235, 107, '/images/products/detail_sub4.jpg', 3),
(4236, 108, '/images/products/detail_sub4.jpg', 3),
(4237, 109, '/images/products/detail_sub4.jpg', 3),
(4238, 110, '/images/products/detail_sub4.jpg', 3),
(4239, 111, '/images/products/detail_sub4.jpg', 3),
(4240, 112, '/images/products/detail_sub4.jpg', 3),
(4241, 113, '/images/products/detail_sub4.jpg', 3),
(4242, 114, '/images/products/detail_sub4.jpg', 3),
(4243, 115, '/images/products/detail_sub4.jpg', 3),
(4244, 116, '/images/products/detail_sub4.jpg', 3),
(4245, 117, '/images/products/detail_sub4.jpg', 3),
(4246, 118, '/images/products/detail_sub4.jpg', 3),
(4247, 119, '/images/products/detail_sub4.jpg', 3),
(4248, 120, '/images/products/detail_sub4.jpg', 3),
(4249, 121, '/images/products/detail_sub4.jpg', 3),
(4250, 122, '/images/products/detail_sub4.jpg', 3),
(4251, 123, '/images/products/detail_sub4.jpg', 3),
(4252, 124, '/images/products/detail_sub4.jpg', 3),
(4253, 125, '/images/products/detail_sub4.jpg', 3),
(4254, 126, '/images/products/detail_sub4.jpg', 3),
(4255, 127, '/images/products/detail_sub4.jpg', 3),
(4256, 128, '/images/products/detail_sub4.jpg', 3),
(4257, 129, '/images/products/detail_sub4.jpg', 3),
(4258, 130, '/images/products/detail_sub4.jpg', 3),
(4259, 131, '/images/products/detail_sub4.jpg', 3),
(4260, 132, '/images/products/detail_sub4.jpg', 3),
(4261, 133, '/images/products/detail_sub4.jpg', 3),
(4262, 134, '/images/products/detail_sub4.jpg', 3),
(4263, 135, '/images/products/detail_sub4.jpg', 3),
(4264, 136, '/images/products/detail_sub4.jpg', 3),
(4265, 137, '/images/products/detail_sub4.jpg', 3),
(4266, 138, '/images/products/detail_sub4.jpg', 3),
(4267, 139, '/images/products/detail_sub4.jpg', 3),
(4268, 140, '/images/products/detail_sub4.jpg', 3),
(4269, 141, '/images/products/detail_sub4.jpg', 3),
(4270, 142, '/images/products/detail_sub4.jpg', 3),
(4271, 143, '/images/products/detail_sub4.jpg', 3),
(4272, 144, '/images/products/detail_sub4.jpg', 3),
(4273, 145, '/images/products/detail_sub4.jpg', 3),
(4274, 146, '/images/products/detail_sub4.jpg', 3),
(4275, 147, '/images/products/detail_sub4.jpg', 3),
(4276, 148, '/images/products/detail_sub4.jpg', 3),
(4277, 149, '/images/products/detail_sub4.jpg', 3),
(4278, 150, '/images/products/detail_sub4.jpg', 3),
(4279, 151, '/images/products/detail_sub4.jpg', 3),
(4280, 152, '/images/products/detail_sub4.jpg', 3),
(4281, 153, '/images/products/detail_sub4.jpg', 3),
(4282, 154, '/images/products/detail_sub4.jpg', 3),
(4283, 155, '/images/products/detail_sub4.jpg', 3),
(4284, 156, '/images/products/detail_sub4.jpg', 3),
(4285, 157, '/images/products/detail_sub4.jpg', 3),
(4286, 158, '/images/products/detail_sub4.jpg', 3),
(4287, 159, '/images/products/detail_sub4.jpg', 3),
(4288, 160, '/images/products/detail_sub4.jpg', 3),
(4289, 161, '/images/products/detail_sub4.jpg', 3),
(4290, 162, '/images/products/detail_sub4.jpg', 3),
(4291, 163, '/images/products/detail_sub4.jpg', 3),
(4292, 164, '/images/products/detail_sub4.jpg', 3),
(4293, 165, '/images/products/detail_sub4.jpg', 3),
(4294, 166, '/images/products/detail_sub4.jpg', 3),
(4295, 167, '/images/products/detail_sub4.jpg', 3),
(4296, 168, '/images/products/detail_sub4.jpg', 3),
(4297, 169, '/images/products/detail_sub4.jpg', 3),
(4298, 170, '/images/products/detail_sub4.jpg', 3),
(4299, 171, '/images/products/detail_sub4.jpg', 3),
(4300, 172, '/images/products/detail_sub4.jpg', 3),
(4301, 173, '/images/products/detail_sub4.jpg', 3),
(4302, 174, '/images/products/detail_sub4.jpg', 3),
(4303, 175, '/images/products/detail_sub4.jpg', 3),
(4304, 176, '/images/products/detail_sub4.jpg', 3),
(4305, 177, '/images/products/detail_sub4.jpg', 3),
(4306, 178, '/images/products/detail_sub4.jpg', 3),
(4307, 179, '/images/products/detail_sub4.jpg', 3),
(4308, 180, '/images/products/detail_sub4.jpg', 3),
(4309, 181, '/images/products/detail_sub4.jpg', 3),
(4310, 182, '/images/products/detail_sub4.jpg', 3),
(4311, 183, '/images/products/detail_sub4.jpg', 3),
(4312, 184, '/images/products/detail_sub4.jpg', 3),
(4313, 185, '/images/products/detail_sub4.jpg', 3),
(4314, 186, '/images/products/detail_sub4.jpg', 3),
(4315, 187, '/images/products/detail_sub4.jpg', 3),
(4316, 188, '/images/products/detail_sub4.jpg', 3),
(4317, 189, '/images/products/detail_sub4.jpg', 3),
(4318, 190, '/images/products/detail_sub4.jpg', 3),
(4319, 191, '/images/products/detail_sub4.jpg', 3),
(4320, 192, '/images/products/detail_sub4.jpg', 3),
(4321, 193, '/images/products/detail_sub4.jpg', 3),
(4322, 194, '/images/products/detail_sub4.jpg', 3),
(4323, 195, '/images/products/detail_sub4.jpg', 3),
(4324, 196, '/images/products/detail_sub4.jpg', 3),
(4325, 197, '/images/products/detail_sub4.jpg', 3),
(4326, 198, '/images/products/detail_sub4.jpg', 3),
(4327, 199, '/images/products/detail_sub4.jpg', 3),
(4328, 200, '/images/products/detail_sub4.jpg', 3),
(4329, 201, '/images/products/detail_sub4.jpg', 3),
(4330, 202, '/images/products/detail_sub4.jpg', 3),
(4331, 203, '/images/products/detail_sub4.jpg', 3);

-- --------------------------------------------------------

--
-- テーブルの構造 `product_variants`
--

CREATE TABLE `product_variants` (
  `id` int(11) NOT NULL,
  `product_id` int(11) NOT NULL,
  `size_or_color` varchar(100) NOT NULL,
  `price` int(11) NOT NULL,
  `variant_image_url` varchar(255) DEFAULT NULL,
  `is_main` tinyint(11) NOT NULL DEFAULT 0,
  `stock` int(11) NOT NULL DEFAULT 0,
  `litl` int(11) DEFAULT NULL
) ENGINE=InnoDB DEFAULT CHARSET=utf8mb4 COLLATE=utf8mb4_general_ci;

--
-- テーブルのデータのダンプ `product_variants`
--

INSERT INTO `product_variants` (`id`, `product_id`, `size_or_color`, `price`, `variant_image_url`, `is_main`, `stock`, `litl`) VALUES
(1, 1, '500ml 24本ペットボトルケース', 1800, '/images/products/1.jpg', 1, 150, 500),
(2, 1, '2L 6本ペットボトルケース', 3600, '/images/products/common_case.jpg', 0, 80, 2000),
(3, 2, '500ml 24本ペットボトルケース', 3800, '/images/products/2.jpg', 0, 200, 500),
(4, 3, '500ml 24本ペットボトルケース', 4000, '/images/products/3.jpg', 0, 50, 500),
(5, 4, '2L × 6本ケース', 1480, '/images/products/4.jpg', 0, 0, 2000),
(6, 4, '2L × 12本（2ケース）', 2738, '/images/products/common_case.jpg', 1, 0, 2000),
(7, 5, '500ml × 24本ケース', 3200, '/images/products/5.jpg', 0, 47, 500),
(8, 5, '500ml × 48本（2ケース）', 5920, '/images/products/common_case.jpg', 1, 18, 500),
(9, 6, '2L × 6本ケース', 1480, '/images/products/6.jpg', 0, 164, 2000),
(10, 6, '2L × 12本（2ケース）', 2738, '/images/products/common_case.jpg', 1, 56, 2000),
(11, 7, '500ml × 24本ケース', 2800, '/images/products/7.jpg', 0, 35, 500),
(12, 7, '500ml × 48本（2ケース）', 5180, '/images/products/common_case.jpg', 1, 36, 500),
(13, 8, '500ml × 24本ケース', 2800, '/images/products/8.jpg', 0, 163, 500),
(14, 8, '500ml × 48本（2ケース）', 5180, '/images/products/common_case.jpg', 1, 34, 500),
(15, 9, '2L × 6本ケース', 1980, '/images/products/9.jpg', 0, 76, 2000),
(16, 9, '2L × 12本（2ケース）', 3663, '/images/products/common_case.jpg', 1, 67, 2000),
(17, 10, '2L × 6本ケース', 1800, '/images/products/10.jpg', 0, 21, 2000),
(18, 10, '2L × 12本（2ケース）', 3330, '/images/products/common_case.jpg', 1, 30, 2000),
(19, 11, '2L × 6本ケース', 1980, '/images/products/11.jpg', 0, 107, 2000),
(20, 11, '2L × 12本（2ケース）', 3663, '/images/products/common_case.jpg', 1, 45, 2000),
(21, 12, '500ml × 24本ケース', 3200, '/images/products/12.jpg', 0, 96, 500),
(22, 12, '500ml × 48本（2ケース）', 5920, '/images/products/common_case.jpg', 1, 23, 500),
(23, 13, '500ml × 24本ケース', 3800, '/images/products/13.jpg', 0, 44, 500),
(24, 13, '500ml × 48本（2ケース）', 7030, '/images/products/common_case.jpg', 1, 55, 500),
(25, 14, '550ml × 24本ケース', 3600, '/images/products/14.jpg', 0, 31, 550),
(26, 14, '550ml × 48本（2ケース）', 6660, '/images/products/common_case.jpg', 1, 68, 550),
(27, 15, '500ml × 24本ケース', 3800, '/images/products/15.jpg', 0, 40, 500),
(28, 15, '500ml × 48本（2ケース）', 7030, '/images/products/common_case.jpg', 1, 80, 500),
(29, 16, '550ml × 24本ケース', 3600, '/images/products/16.jpg', 0, 157, 550),
(30, 16, '550ml × 48本（2ケース）', 6660, '/images/products/common_case.jpg', 1, 34, 550),
(31, 17, '2L × 6本ケース', 1480, '/images/products/17.jpg', 0, 31, 2000),
(32, 17, '2L × 12本（2ケース）', 2738, '/images/products/common_case.jpg', 1, 94, 2000),
(33, 18, '500ml × 24本ケース', 3480, '/images/products/18.jpg', 0, 40, 500),
(34, 18, '500ml × 48本（2ケース）', 6438, '/images/products/common_case.jpg', 1, 39, 500),
(35, 19, '500ml × 24本ケース', 3800, '/images/products/19.jpg', 0, 91, 500),
(36, 19, '500ml × 48本（2ケース）', 7030, '/images/products/common_case.jpg', 1, 68, 500),
(37, 20, '330ml × 24本ケース', 2600, '/images/products/20.jpg', 0, 114, 330),
(38, 20, '330ml × 48本（2ケース）', 4810, '/images/products/common_case.jpg', 1, 55, 330),
(39, 21, '500ml × 24本ケース', 3480, '/images/products/21.jpg', 0, 38, 500),
(40, 21, '500ml × 48本（2ケース）', 6438, '/images/products/common_case.jpg', 1, 87, 500),
(41, 22, '2L × 6本ケース', 1650, '/images/products/22.jpg', 0, 156, 2000),
(42, 22, '2L × 12本（2ケース）', 3052, '/images/products/common_case.jpg', 1, 41, 2000),
(43, 23, '500ml × 24本ケース', 3800, '/images/products/23.jpg', 0, 117, 500),
(44, 23, '500ml × 48本（2ケース）', 7030, '/images/products/common_case.jpg', 1, 44, 500),
(45, 24, '2L × 6本ケース', 1650, '/images/products/24.jpg', 0, 103, 2000),
(46, 24, '2L × 12本（2ケース）', 3052, '/images/products/common_case.jpg', 1, 17, 2000),
(47, 25, '500ml × 24本ケース', 2800, '/images/products/25.jpg', 0, 100, 500),
(48, 25, '500ml × 48本（2ケース）', 5180, '/images/products/common_case.jpg', 1, 61, 500),
(49, 26, '550ml × 24本ケース', 2980, '/images/products/26.jpg', 0, 74, 550),
(50, 26, '550ml × 48本（2ケース）', 5513, '/images/products/common_case.jpg', 1, 82, 550),
(51, 27, '2L × 6本ケース', 1800, '/images/products/27.jpg', 0, 74, 2000),
(52, 27, '2L × 12本（2ケース）', 3330, '/images/products/common_case.jpg', 1, 93, 2000),
(53, 28, '550ml × 24本ケース', 3980, '/images/products/28.jpg', 0, 137, 550),
(54, 28, '550ml × 48本（2ケース）', 7363, '/images/products/common_case.jpg', 1, 28, 550),
(55, 29, '550ml × 24本ケース', 3300, '/images/products/29.jpg', 0, 83, 550),
(56, 29, '550ml × 48本（2ケース）', 6105, '/images/products/common_case.jpg', 1, 81, 550),
(57, 30, '2L × 6本ケース', 1800, '/images/products/30.jpg', 0, 169, 2000),
(58, 30, '2L × 12本（2ケース）', 3330, '/images/products/common_case.jpg', 1, 64, 2000),
(59, 31, '2L × 6本ケース', 1980, '/images/products/31.jpg', 0, 112, 2000),
(60, 31, '2L × 12本（2ケース）', 3663, '/images/products/common_case.jpg', 1, 38, 2000),
(61, 32, '500ml × 24本ケース', 3800, '/images/products/32.jpg', 0, 43, 500),
(62, 32, '500ml × 48本（2ケース）', 7030, '/images/products/common_case.jpg', 1, 16, 500),
(63, 33, '500ml × 24本ケース', 3200, '/images/products/33.jpg', 0, 180, 500),
(64, 33, '500ml × 48本（2ケース）', 5920, '/images/products/common_case.jpg', 1, 30, 500),
(65, 34, '2L × 6本ケース', 1980, '/images/products/34.jpg', 0, 172, 2000),
(66, 34, '2L × 12本（2ケース）', 3663, '/images/products/common_case.jpg', 1, 18, 2000),
(67, 35, '550ml × 24本ケース', 3980, '/images/products/35.jpg', 0, 172, 550),
(68, 35, '550ml × 48本（2ケース）', 7363, '/images/products/common_case.jpg', 1, 69, 550),
(69, 36, '2L × 6本ケース', 1800, '/images/products/36.jpg', 0, 161, 2000),
(70, 36, '2L × 12本（2ケース）', 3330, '/images/products/common_case.jpg', 1, 11, 2000),
(71, 37, '2L × 6本ケース', 1480, '/images/products/37.jpg', 0, 157, 2000),
(72, 37, '2L × 12本（2ケース）', 2738, '/images/products/common_case.jpg', 1, 44, 2000),
(73, 38, '2L × 6本ケース', 1800, '/images/products/38.jpg', 0, 48, 2000),
(74, 38, '2L × 12本（2ケース）', 3330, '/images/products/common_case.jpg', 1, 47, 2000),
(75, 39, '550ml × 24本ケース', 3300, '/images/products/39.jpg', 0, 136, 550),
(76, 39, '550ml × 48本（2ケース）', 6105, '/images/products/common_case.jpg', 1, 10, 550),
(77, 40, '2L × 6本ケース', 1800, '/images/products/40.jpg', 0, 148, 2000),
(78, 40, '2L × 12本（2ケース）', 3330, '/images/products/common_case.jpg', 1, 32, 2000),
(79, 41, '2L × 6本ケース', 1480, '/images/products/41.jpg', 0, 180, 2000),
(80, 41, '2L × 12本（2ケース）', 2738, '/images/products/common_case.jpg', 1, 48, 2000),
(81, 42, '2L × 6本ケース', 1650, '/images/products/42.jpg', 0, 59, 2000),
(82, 42, '2L × 12本（2ケース）', 3052, '/images/products/common_case.jpg', 1, 57, 2000),
(83, 43, '500ml × 24本ケース', 2800, '/images/products/43.jpg', 0, 173, 500),
(84, 43, '500ml × 48本（2ケース）', 5180, '/images/products/common_case.jpg', 1, 51, 500),
(85, 44, '550ml × 24本ケース', 2980, '/images/products/44.jpg', 0, 48, 550),
(86, 44, '550ml × 48本（2ケース）', 5513, '/images/products/common_case.jpg', 1, 56, 550),
(87, 45, '550ml × 24本ケース', 3300, '/images/products/45.jpg', 0, 34, 550),
(88, 45, '550ml × 48本（2ケース）', 6105, '/images/products/common_case.jpg', 1, 40, 550),
(89, 46, '2L × 6本ケース', 1480, '/images/products/46.jpg', 0, 41, 2000),
(90, 46, '2L × 12本（2ケース）', 2738, '/images/products/common_case.jpg', 1, 72, 2000),
(91, 47, '500ml × 24本ケース', 3200, '/images/products/47.jpg', 0, 52, 500),
(92, 47, '500ml × 48本（2ケース）', 5920, '/images/products/common_case.jpg', 1, 94, 500),
(93, 48, '550ml × 24本ケース', 3300, '/images/products/48.jpg', 0, 87, 550),
(94, 48, '550ml × 48本（2ケース）', 6105, '/images/products/common_case.jpg', 1, 77, 550),
(95, 49, '2L × 6本ケース', 1980, '/images/products/49.jpg', 0, 74, 2000),
(96, 49, '2L × 12本（2ケース）', 3663, '/images/products/common_case.jpg', 1, 79, 2000),
(97, 50, '2L × 6本ケース', 1650, '/images/products/50.jpg', 0, 99, 2000),
(98, 50, '2L × 12本（2ケース）', 3052, '/images/products/common_case.jpg', 1, 61, 2000),
(99, 51, '2L × 6本ケース', 1800, '/images/products/51.jpg', 0, 132, 2000),
(100, 51, '2L × 12本（2ケース）', 3330, '/images/products/common_case.jpg', 1, 76, 2000),
(101, 52, '330ml × 24本ケース', 2400, '/images/products/52.jpg', 0, 83, 330),
(102, 52, '330ml × 48本（2ケース）', 4440, '/images/products/common_case.jpg', 1, 38, 330),
(103, 53, '500ml × 24本ケース', 3480, '/images/products/53.jpg', 0, 25, 500),
(104, 53, '500ml × 48本（2ケース）', 6438, '/images/products/common_case.jpg', 1, 85, 500),
(105, 54, '2L × 6本ケース', 1650, '/images/products/54.jpg', 0, 170, 2000),
(106, 54, '2L × 12本（2ケース）', 3052, '/images/products/common_case.jpg', 1, 38, 2000),
(107, 55, '500ml × 24本ケース', 2800, '/images/products/55.jpg', 0, 35, 500),
(108, 55, '500ml × 48本（2ケース）', 5180, '/images/products/common_case.jpg', 1, 39, 500),
(109, 56, '500ml × 24本ケース', 2800, '/images/products/56.jpg', 0, 104, 500),
(110, 56, '500ml × 48本（2ケース）', 5180, '/images/products/common_case.jpg', 1, 19, 500),
(111, 57, '2L × 6本ケース', 1650, '/images/products/57.jpg', 0, 91, 2000),
(112, 57, '2L × 12本（2ケース）', 3052, '/images/products/common_case.jpg', 1, 95, 2000),
(113, 58, '550ml × 24本ケース', 3300, '/images/products/58.jpg', 0, 158, 550),
(114, 58, '550ml × 48本（2ケース）', 6105, '/images/products/common_case.jpg', 1, 26, 550),
(115, 59, '2L × 6本ケース', 1980, '/images/products/59.jpg', 0, 82, 2000),
(116, 59, '2L × 12本（2ケース）', 3663, '/images/products/common_case.jpg', 1, 70, 2000),
(117, 60, '550ml × 24本ケース', 3300, '/images/products/60.jpg', 0, 44, 550),
(118, 60, '550ml × 48本（2ケース）', 6105, '/images/products/common_case.jpg', 1, 22, 550),
(119, 61, '2L × 6本ケース', 1980, '/images/products/61.jpg', 0, 110, 2000),
(120, 61, '2L × 12本（2ケース）', 3663, '/images/products/common_case.jpg', 1, 64, 2000),
(121, 62, '550ml × 24本ケース', 3980, '/images/products/62.jpg', 0, 33, 550),
(122, 62, '550ml × 48本（2ケース）', 7363, '/images/products/common_case.jpg', 1, 93, 550),
(123, 63, '2L × 6本ケース', 1480, '/images/products/63.jpg', 0, 35, 2000),
(124, 63, '2L × 12本（2ケース）', 2738, '/images/products/common_case.jpg', 1, 61, 2000),
(125, 64, '2L × 6本ケース', 1800, '/images/products/64.jpg', 0, 47, 2000),
(126, 64, '2L × 12本（2ケース）', 3330, '/images/products/common_case.jpg', 1, 41, 2000),
(127, 65, '500ml × 24本ケース', 3200, '/images/products/65.jpg', 0, 157, 500),
(128, 65, '500ml × 48本（2ケース）', 5920, '/images/products/common_case.jpg', 1, 67, 500),
(129, 66, '500ml × 24本ケース', 3800, '/images/products/66.jpg', 0, 66, 500),
(130, 66, '500ml × 48本（2ケース）', 7030, '/images/products/common_case.jpg', 1, 45, 500),
(131, 67, '550ml × 24本ケース', 3300, '/images/products/67.jpg', 0, 39, 550),
(132, 67, '550ml × 48本（2ケース）', 6105, '/images/products/common_case.jpg', 1, 66, 550),
(133, 68, '2L × 6本ケース', 1480, '/images/products/68.jpg', 0, 32, 2000),
(134, 68, '2L × 12本（2ケース）', 2738, '/images/products/common_case.jpg', 1, 93, 2000),
(135, 69, '2L × 6本ケース', 1480, '/images/products/69.jpg', 0, 43, 2000),
(136, 69, '2L × 12本（2ケース）', 2738, '/images/products/common_case.jpg', 1, 40, 2000),
(137, 70, '500ml × 24本ケース', 3800, '/images/products/70.jpg', 0, 144, 500),
(138, 70, '500ml × 48本（2ケース）', 7030, '/images/products/common_case.jpg', 1, 71, 500),
(139, 71, '500ml × 24本ケース', 3800, '/images/products/71.jpg', 0, 35, 500),
(140, 71, '500ml × 48本（2ケース）', 7030, '/images/products/common_case.jpg', 1, 31, 500),
(141, 72, '550ml × 24本ケース', 2980, '/images/products/72.jpg', 0, 119, 550),
(142, 72, '550ml × 48本（2ケース）', 5513, '/images/products/common_case.jpg', 1, 43, 550),
(143, 73, '550ml × 24本ケース', 3600, '/images/products/73.jpg', 0, 128, 550),
(144, 73, '550ml × 48本（2ケース）', 6660, '/images/products/common_case.jpg', 1, 81, 550),
(145, 74, '2L × 6本ケース', 1980, '/images/products/74.jpg', 0, 59, 2000),
(146, 74, '2L × 12本（2ケース）', 3663, '/images/products/common_case.jpg', 1, 34, 2000),
(147, 75, '550ml × 24本ケース', 3300, '/images/products/75.jpg', 0, 34, 550),
(148, 75, '550ml × 48本（2ケース）', 6105, '/images/products/common_case.jpg', 1, 84, 550),
(149, 76, '2L × 6本ケース', 1480, '/images/products/76.jpg', 0, 100, 2000),
(150, 76, '2L × 12本（2ケース）', 2738, '/images/products/common_case.jpg', 1, 17, 2000),
(151, 77, '500ml × 24本ケース', 3800, '/images/products/77.jpg', 0, 148, 500),
(152, 77, '500ml × 48本（2ケース）', 7030, '/images/products/common_case.jpg', 1, 77, 500),
(153, 78, '500ml × 24本ケース', 2800, '/images/products/78.jpg', 0, 150, 500),
(154, 78, '500ml × 48本（2ケース）', 5180, '/images/products/common_case.jpg', 1, 20, 500),
(155, 79, '500ml × 24本ケース', 2800, '/images/products/79.jpg', 0, 172, 500),
(156, 79, '500ml × 48本（2ケース）', 5180, '/images/products/common_case.jpg', 1, 18, 500),
(157, 80, '500ml × 24本ケース', 3800, '/images/products/80.jpg', 0, 49, 500),
(158, 80, '500ml × 48本（2ケース）', 7030, '/images/products/common_case.jpg', 1, 82, 500),
(159, 81, '500ml × 24本ケース', 2800, '/images/products/81.jpg', 0, 178, 500),
(160, 81, '500ml × 48本（2ケース）', 5180, '/images/products/common_case.jpg', 1, 20, 500),
(161, 82, '550ml × 24本ケース', 3600, '/images/products/82.jpg', 0, 86, 550),
(162, 82, '550ml × 48本（2ケース）', 6660, '/images/products/common_case.jpg', 1, 36, 550),
(163, 83, '2L × 6本ケース', 1800, '/images/products/83.jpg', 0, 81, 2000),
(164, 83, '2L × 12本（2ケース）', 3330, '/images/products/common_case.jpg', 1, 43, 2000),
(165, 84, '550ml × 24本ケース', 3300, '/images/products/84.jpg', 0, 96, 550),
(166, 84, '550ml × 48本（2ケース）', 6105, '/images/products/common_case.jpg', 1, 68, 550),
(167, 85, '550ml × 24本ケース', 2980, '/images/products/85.jpg', 0, 22, 550),
(168, 85, '550ml × 48本（2ケース）', 5513, '/images/products/common_case.jpg', 1, 68, 550),
(169, 86, '2L × 6本ケース', 1480, '/images/products/86.jpg', 0, 38, 2000),
(170, 86, '2L × 12本（2ケース）', 2738, '/images/products/common_case.jpg', 1, 78, 2000),
(171, 87, '500ml × 24本ケース', 3480, '/images/products/87.jpg', 0, 53, 500),
(172, 87, '500ml × 48本（2ケース）', 6438, '/images/products/common_case.jpg', 1, 54, 500),
(173, 88, '500ml × 24本ケース', 3200, '/images/products/88.jpg', 0, 114, 500),
(174, 88, '500ml × 48本（2ケース）', 5920, '/images/products/common_case.jpg', 1, 46, 500),
(175, 89, '500ml × 24本ケース', 3800, '/images/products/89.jpg', 0, 159, 500),
(176, 89, '500ml × 48本（2ケース）', 7030, '/images/products/common_case.jpg', 1, 48, 500),
(177, 90, '2L × 6本ケース', 1480, '/images/products/90.jpg', 0, 161, 2000),
(178, 90, '2L × 12本（2ケース）', 2738, '/images/products/common_case.jpg', 1, 48, 2000),
(179, 91, '2L × 6本ケース', 1480, '/images/products/91.jpg', 0, 54, 2000),
(180, 91, '2L × 12本（2ケース）', 2738, '/images/products/common_case.jpg', 1, 43, 2000),
(181, 92, '500ml × 24本ケース', 2800, '/images/products/92.jpg', 0, 161, 500),
(182, 92, '500ml × 48本（2ケース）', 5180, '/images/products/common_case.jpg', 1, 29, 500),
(183, 93, '550ml × 24本ケース', 3600, '/images/products/93.jpg', 0, 174, 550),
(184, 93, '550ml × 48本（2ケース）', 6660, '/images/products/common_case.jpg', 1, 36, 550),
(185, 94, '2L × 6本ケース', 1800, '/images/products/94.jpg', 0, 72, 2000),
(186, 94, '2L × 12本（2ケース）', 3330, '/images/products/common_case.jpg', 1, 91, 2000),
(187, 95, '550ml × 24本ケース', 3980, '/images/products/95.jpg', 0, 84, 550),
(188, 95, '550ml × 48本（2ケース）', 7363, '/images/products/common_case.jpg', 1, 16, 550),
(189, 96, '500ml × 24本ケース', 3800, '/images/products/96.jpg', 0, 88, 500),
(190, 96, '500ml × 48本（2ケース）', 7030, '/images/products/common_case.jpg', 1, 15, 500),
(191, 97, '500ml × 24本ケース', 3480, '/images/products/97.jpg', 0, 53, 500),
(192, 97, '500ml × 48本（2ケース）', 6438, '/images/products/common_case.jpg', 1, 91, 500),
(193, 98, '550ml × 24本ケース', 3300, '/images/products/98.jpg', 0, 133, 550),
(194, 98, '550ml × 48本（2ケース）', 6105, '/images/products/common_case.jpg', 1, 80, 550),
(195, 99, '2L × 6本ケース', 1980, '/images/products/99.jpg', 0, 163, 2000),
(196, 99, '2L × 12本（2ケース）', 3663, '/images/products/common_case.jpg', 1, 11, 2000),
(197, 100, '500ml × 24本ケース', 2800, '/images/products/100.jpg', 0, 58, 500),
(198, 100, '500ml × 48本（2ケース）', 5180, '/images/products/common_case.jpg', 1, 79, 500),
(199, 101, '500ml × 24本ケース', 3480, '/images/products/101.jpg', 0, 169, 500),
(200, 101, '500ml × 48本（2ケース）', 6438, '/images/products/common_case.jpg', 1, 80, 500),
(201, 102, '500ml × 24本ケース', 3800, '/images/products/102.jpg', 0, 52, 500),
(202, 102, '500ml × 48本（2ケース）', 7030, '/images/products/common_case.jpg', 1, 15, 500),
(203, 103, '550ml × 24本ケース', 3600, '/images/products/103.jpg', 0, 30, 550),
(204, 103, '550ml × 48本（2ケース）', 6660, '/images/products/common_case.jpg', 1, 55, 550),
(205, 104, '500ml × 24本ケース', 3200, '/images/products/104.jpg', 0, 46, 500),
(206, 104, '500ml × 48本（2ケース）', 5920, '/images/products/common_case.jpg', 1, 55, 500),
(207, 105, '330ml × 24本ケース', 2600, '/images/products/105.jpg', 0, 80, 330),
(208, 105, '330ml × 48本（2ケース）', 4810, '/images/products/common_case.jpg', 1, 30, 330),
(209, 106, '500ml × 24本ケース', 3800, '/images/products/106.jpg', 0, 26, 500),
(210, 106, '500ml × 48本（2ケース）', 7030, '/images/products/common_case.jpg', 1, 32, 500),
(211, 107, '2L × 6本ケース', 1800, '/images/products/107.jpg', 0, 125, 2000),
(212, 107, '2L × 12本（2ケース）', 3330, '/images/products/common_case.jpg', 1, 95, 2000),
(213, 108, '2L × 6本ケース', 1650, '/images/products/108.jpg', 0, 88, 2000),
(214, 108, '2L × 12本（2ケース）', 3052, '/images/products/common_case.jpg', 1, 30, 2000),
(215, 109, '2L × 6本ケース', 1480, '/images/products/109.jpg', 0, 117, 2000),
(216, 109, '2L × 12本（2ケース）', 2738, '/images/products/common_case.jpg', 1, 14, 2000),
(217, 110, '550ml × 24本ケース', 3300, '/images/products/110.jpg', 0, 71, 550),
(218, 110, '550ml × 48本（2ケース）', 6105, '/images/products/common_case.jpg', 1, 68, 550),
(219, 111, '550ml × 24本ケース', 3600, '/images/products/111.jpg', 0, 78, 550),
(220, 111, '550ml × 48本（2ケース）', 6660, '/images/products/common_case.jpg', 1, 38, 550),
(221, 112, '500ml × 24本ケース', 3200, '/images/products/112.jpg', 0, 122, 500),
(222, 112, '500ml × 48本（2ケース）', 5920, '/images/products/common_case.jpg', 1, 52, 500),
(223, 113, '550ml × 24本ケース', 2980, '/images/products/113.jpg', 0, 91, 550),
(224, 113, '550ml × 48本（2ケース）', 5513, '/images/products/common_case.jpg', 1, 54, 550),
(225, 114, '2L × 6本ケース', 1980, '/images/products/114.jpg', 0, 157, 2000),
(226, 114, '2L × 12本（2ケース）', 3663, '/images/products/common_case.jpg', 1, 52, 2000),
(227, 115, '500ml × 24本ケース', 2800, '/images/products/115.jpg', 0, 86, 500),
(228, 115, '500ml × 48本（2ケース）', 5180, '/images/products/common_case.jpg', 1, 32, 500),
(229, 116, '2L × 6本ケース', 1800, '/images/products/116.jpg', 0, 29, 2000),
(230, 116, '2L × 12本（2ケース）', 3330, '/images/products/common_case.jpg', 1, 23, 2000),
(231, 117, '2L × 6本ケース', 1980, '/images/products/117.jpg', 0, 108, 2000),
(232, 117, '2L × 12本（2ケース）', 3663, '/images/products/common_case.jpg', 1, 50, 2000),
(233, 118, '550ml × 24本ケース', 2980, '/images/products/118.jpg', 0, 118, 550),
(234, 118, '550ml × 48本（2ケース）', 5513, '/images/products/common_case.jpg', 1, 83, 550),
(235, 119, '500ml × 24本ケース', 3480, '/images/products/119.jpg', 0, 31, 500),
(236, 119, '500ml × 48本（2ケース）', 6438, '/images/products/common_case.jpg', 1, 65, 500),
(237, 120, '500ml × 24本ケース', 3200, '/images/products/120.jpg', 0, 113, 500),
(238, 120, '500ml × 48本（2ケース）', 5920, '/images/products/common_case.jpg', 1, 65, 500),
(239, 121, '500ml × 24本ケース', 3480, '/images/products/121.jpg', 0, 179, 500),
(240, 121, '500ml × 48本（2ケース）', 6438, '/images/products/common_case.jpg', 1, 50, 500),
(241, 122, '2L × 6本ケース', 1480, '/images/products/122.jpg', 0, 96, 2000),
(242, 122, '2L × 12本（2ケース）', 2738, '/images/products/common_case.jpg', 1, 74, 2000),
(243, 123, '550ml × 24本ケース', 3980, '/images/products/123.jpg', 0, 103, 550),
(244, 123, '550ml × 48本（2ケース）', 7363, '/images/products/common_case.jpg', 1, 61, 550),
(245, 124, '2L × 6本ケース', 1800, '/images/products/124.jpg', 0, 161, 2000),
(246, 124, '2L × 12本（2ケース）', 3330, '/images/products/common_case.jpg', 1, 26, 2000),
(247, 125, '500ml × 24本ケース', 3800, '/images/products/125.jpg', 0, 117, 500),
(248, 125, '500ml × 48本（2ケース）', 7030, '/images/products/common_case.jpg', 1, 32, 500),
(249, 126, '2L × 6本ケース', 1800, '/images/products/126.jpg', 0, 123, 2000),
(250, 126, '2L × 12本（2ケース）', 3330, '/images/products/common_case.jpg', 1, 80, 2000),
(251, 127, '500ml × 24本ケース', 3480, '/images/products/127.jpg', 0, 93, 500),
(252, 127, '500ml × 48本（2ケース）', 6438, '/images/products/common_case.jpg', 1, 36, 500),
(253, 128, '550ml × 24本ケース', 3600, '/images/products/128.jpg', 0, 139, 550),
(254, 128, '550ml × 48本（2ケース）', 6660, '/images/products/common_case.jpg', 1, 66, 550),
(255, 129, '330ml × 24本ケース', 2600, '/images/products/129.jpg', 0, 150, 330),
(256, 129, '330ml × 48本（2ケース）', 4810, '/images/products/common_case.jpg', 1, 70, 330),
(257, 130, '2L × 6本ケース', 1650, '/images/products/130.jpg', 0, 41, 2000),
(258, 130, '2L × 12本（2ケース）', 3052, '/images/products/common_case.jpg', 1, 46, 2000),
(259, 131, '2L × 6本ケース', 1800, '/images/products/131.jpg', 0, 43, 2000),
(260, 131, '2L × 12本（2ケース）', 3330, '/images/products/common_case.jpg', 1, 40, 2000),
(261, 132, '2L × 6本ケース', 1800, '/images/products/132.jpg', 0, 77, 2000),
(262, 132, '2L × 12本（2ケース）', 3330, '/images/products/common_case.jpg', 1, 35, 2000),
(263, 133, '500ml × 24本ケース', 2800, '/images/products/133.jpg', 0, 31, 500),
(264, 133, '500ml × 48本（2ケース）', 5180, '/images/products/common_case.jpg', 1, 41, 500),
(265, 134, '550ml × 24本ケース', 2980, '/images/products/134.jpg', 0, 136, 550),
(266, 134, '550ml × 48本（2ケース）', 5513, '/images/products/common_case.jpg', 1, 63, 550),
(267, 135, '2L × 6本ケース', 1650, '/images/products/135.jpg', 0, 118, 2000),
(268, 135, '2L × 12本（2ケース）', 3052, '/images/products/common_case.jpg', 1, 73, 2000),
(269, 136, '550ml × 24本ケース', 3300, '/images/products/136.jpg', 0, 57, 550),
(270, 136, '550ml × 48本（2ケース）', 6105, '/images/products/common_case.jpg', 1, 93, 550),
(271, 137, '500ml × 24本ケース', 2800, '/images/products/137.jpg', 0, 128, 500),
(272, 137, '500ml × 48本（2ケース）', 5180, '/images/products/common_case.jpg', 1, 38, 500),
(273, 138, '500ml × 24本ケース', 3800, '/images/products/138.jpg', 0, 32, 500),
(274, 138, '500ml × 48本（2ケース）', 7030, '/images/products/common_case.jpg', 1, 81, 500),
(275, 139, '500ml × 24本ケース', 2800, '/images/products/139.jpg', 0, 136, 500),
(276, 139, '500ml × 48本（2ケース）', 5180, '/images/products/common_case.jpg', 1, 27, 500),
(277, 140, '550ml × 24本ケース', 3600, '/images/products/140.jpg', 0, 133, 550),
(278, 140, '550ml × 48本（2ケース）', 6660, '/images/products/common_case.jpg', 1, 88, 550),
(279, 141, '2L × 6本ケース', 1980, '/images/products/141.jpg', 0, 160, 2000),
(280, 141, '2L × 12本（2ケース）', 3663, '/images/products/common_case.jpg', 1, 67, 2000),
(281, 142, '500ml × 24本ケース', 3800, '/images/products/142.jpg', 0, 135, 500),
(282, 142, '500ml × 48本（2ケース）', 7030, '/images/products/common_case.jpg', 1, 43, 500),
(283, 143, '500ml × 24本ケース', 3480, '/images/products/143.jpg', 0, 153, 500),
(284, 143, '500ml × 48本（2ケース）', 6438, '/images/products/common_case.jpg', 1, 72, 500),
(285, 144, '2L × 6本ケース', 1650, '/images/products/144.jpg', 0, 90, 2000),
(286, 144, '2L × 12本（2ケース）', 3052, '/images/products/common_case.jpg', 1, 66, 2000),
(287, 145, '500ml × 24本ケース', 3480, '/images/products/145.jpg', 0, 80, 500),
(288, 145, '500ml × 48本（2ケース）', 6438, '/images/products/common_case.jpg', 1, 44, 500),
(289, 146, '550ml × 24本ケース', 3600, '/images/products/146.jpg', 0, 158, 550),
(290, 146, '550ml × 48本（2ケース）', 6660, '/images/products/common_case.jpg', 1, 20, 550),
(291, 147, '500ml × 24本ケース', 3200, '/images/products/147.jpg', 0, 79, 500),
(292, 147, '500ml × 48本（2ケース）', 5920, '/images/products/common_case.jpg', 1, 59, 500),
(293, 148, '2L × 6本ケース', 1650, '/images/products/148.jpg', 0, 74, 2000),
(294, 148, '2L × 12本（2ケース）', 3052, '/images/products/common_case.jpg', 1, 18, 2000),
(295, 149, '550ml × 24本ケース', 3980, '/images/products/149.jpg', 0, 104, 550),
(296, 149, '550ml × 48本（2ケース）', 7363, '/images/products/common_case.jpg', 1, 79, 550),
(297, 150, '550ml × 24本ケース', 3980, '/images/products/150.jpg', 0, 35, 550),
(298, 150, '550ml × 48本（2ケース）', 7363, '/images/products/common_case.jpg', 1, 36, 550),
(299, 151, '550ml × 24本ケース', 3980, '/images/products/151.jpg', 0, 169, 550),
(300, 151, '550ml × 48本（2ケース）', 7363, '/images/products/common_case.jpg', 1, 12, 550),
(301, 152, '2L × 6本ケース', 1980, '/images/products/152.jpg', 0, 142, 2000),
(302, 152, '2L × 12本（2ケース）', 3663, '/images/products/common_case.jpg', 1, 10, 2000),
(303, 153, '550ml × 24本ケース', 3600, '/images/products/153.jpg', 0, 119, 550),
(304, 153, '550ml × 48本（2ケース）', 6660, '/images/products/common_case.jpg', 1, 63, 550),
(305, 154, '2L × 6本ケース', 1650, '/images/products/154.jpg', 0, 144, 2000),
(306, 154, '2L × 12本（2ケース）', 3052, '/images/products/common_case.jpg', 1, 38, 2000),
(307, 155, '550ml × 24本ケース', 3980, '/images/products/155.jpg', 0, 144, 550),
(308, 155, '550ml × 48本（2ケース）', 7363, '/images/products/common_case.jpg', 1, 13, 550),
(309, 156, '550ml × 24本ケース', 3600, '/images/products/156.jpg', 0, 123, 550),
(310, 156, '550ml × 48本（2ケース）', 6660, '/images/products/common_case.jpg', 1, 31, 550),
(311, 157, '550ml × 24本ケース', 3300, '/images/products/157.jpg', 0, 179, 550),
(312, 157, '550ml × 48本（2ケース）', 6105, '/images/products/common_case.jpg', 1, 76, 550),
(313, 158, '500ml × 24本ケース', 3800, '/images/products/158.jpg', 0, 171, 500),
(314, 158, '500ml × 48本（2ケース）', 7030, '/images/products/common_case.jpg', 1, 81, 500),
(315, 159, '2L × 6本ケース', 1480, '/images/products/159.jpg', 0, 41, 2000),
(316, 159, '2L × 12本（2ケース）', 2738, '/images/products/common_case.jpg', 1, 92, 2000),
(317, 160, '550ml × 24本ケース', 3300, '/images/products/160.jpg', 0, 138, 550),
(318, 160, '550ml × 48本（2ケース）', 6105, '/images/products/common_case.jpg', 1, 33, 550),
(319, 161, '500ml × 24本ケース', 3480, '/images/products/161.jpg', 0, 117, 500),
(320, 161, '500ml × 48本（2ケース）', 6438, '/images/products/common_case.jpg', 1, 51, 500),
(321, 162, '500ml × 24本ケース', 3800, '/images/products/162.jpg', 0, 103, 500),
(322, 162, '500ml × 48本（2ケース）', 7030, '/images/products/common_case.jpg', 1, 53, 500),
(323, 163, '550ml × 24本ケース', 3600, '/images/products/163.jpg', 0, 127, 550),
(324, 163, '550ml × 48本（2ケース）', 6660, '/images/products/common_case.jpg', 1, 42, 550),
(325, 164, '500ml × 24本ケース', 3800, '/images/products/164.jpg', 0, 24, 500),
(326, 164, '500ml × 48本（2ケース）', 7030, '/images/products/common_case.jpg', 1, 79, 500),
(327, 165, '500ml × 24本ケース', 3480, '/images/products/165.jpg', 0, 77, 500),
(328, 165, '500ml × 48本（2ケース）', 6438, '/images/products/common_case.jpg', 1, 93, 500),
(329, 166, '500ml × 24本ケース', 2800, '/images/products/166.jpg', 0, 27, 500),
(330, 166, '500ml × 48本（2ケース）', 5180, '/images/products/common_case.jpg', 1, 41, 500),
(331, 167, '500ml × 24本ケース', 2800, '/images/products/167.jpg', 0, 179, 500),
(332, 167, '500ml × 48本（2ケース）', 5180, '/images/products/common_case.jpg', 1, 29, 500),
(333, 168, '500ml × 24本ケース', 3200, '/images/products/168.jpg', 0, 141, 500),
(334, 168, '500ml × 48本（2ケース）', 5920, '/images/products/common_case.jpg', 1, 95, 500),
(335, 169, '500ml × 24本ケース', 3200, '/images/products/169.jpg', 0, 139, 500),
(336, 169, '500ml × 48本（2ケース）', 5920, '/images/products/common_case.jpg', 1, 42, 500),
(337, 170, '550ml × 24本ケース', 3300, '/images/products/170.jpg', 0, 170, 550),
(338, 170, '550ml × 48本（2ケース）', 6105, '/images/products/common_case.jpg', 1, 87, 550),
(339, 171, '2L × 6本ケース', 1480, '/images/products/171.jpg', 0, 61, 2000),
(340, 171, '2L × 12本（2ケース）', 2738, '/images/products/common_case.jpg', 1, 49, 2000),
(341, 172, '500ml × 24本ケース', 2800, '/images/products/172.jpg', 0, 99, 500),
(342, 172, '500ml × 48本（2ケース）', 5180, '/images/products/common_case.jpg', 1, 83, 500),
(343, 173, '2L × 6本ケース', 1980, '/images/products/173.jpg', 0, 121, 2000),
(344, 173, '2L × 12本（2ケース）', 3663, '/images/products/common_case.jpg', 1, 35, 2000),
(345, 174, '500ml × 24本ケース', 3200, '/images/products/174.jpg', 0, 46, 500),
(346, 174, '500ml × 48本（2ケース）', 5920, '/images/products/common_case.jpg', 1, 48, 500),
(347, 175, '2L × 6本ケース', 1480, '/images/products/175.jpg', 0, 164, 2000),
(348, 175, '2L × 12本（2ケース）', 2738, '/images/products/common_case.jpg', 1, 15, 2000),
(349, 176, '330ml × 24本ケース', 3100, '/images/products/176.jpg', 0, 114, 330),
(350, 176, '330ml × 48本（2ケース）', 5735, '/images/products/common_case.jpg', 1, 18, 330),
(351, 177, '2L × 6本ケース', 1800, '/images/products/177.jpg', 0, 23, 2000),
(352, 177, '2L × 12本（2ケース）', 3330, '/images/products/common_case.jpg', 1, 63, 2000),
(353, 178, '550ml × 24本ケース', 2980, '/images/products/178.jpg', 0, 130, 550),
(354, 178, '550ml × 48本（2ケース）', 5513, '/images/products/common_case.jpg', 1, 56, 550),
(355, 179, '2L × 6本ケース', 1980, '/images/products/179.jpg', 0, 59, 2000),
(356, 179, '2L × 12本（2ケース）', 3663, '/images/products/common_case.jpg', 1, 65, 2000),
(357, 180, '500ml × 24本ケース', 3480, '/images/products/180.jpg', 0, 177, 500),
(358, 180, '500ml × 48本（2ケース）', 6438, '/images/products/common_case.jpg', 1, 77, 500),
(359, 181, '550ml × 24本ケース', 3980, '/images/products/181.jpg', 0, 131, 550),
(360, 181, '550ml × 48本（2ケース）', 7363, '/images/products/common_case.jpg', 1, 85, 550),
(361, 182, '550ml × 24本ケース', 3600, '/images/products/182.jpg', 0, 82, 550),
(362, 182, '550ml × 48本（2ケース）', 6660, '/images/products/common_case.jpg', 1, 21, 550),
(363, 183, '550ml × 24本ケース', 3980, '/images/products/183.jpg', 0, 82, 550),
(364, 183, '550ml × 48本（2ケース）', 7363, '/images/products/common_case.jpg', 1, 69, 550),
(365, 184, '330ml × 24本ケース', 2800, '/images/products/184.jpg', 0, 27, 330),
(366, 184, '330ml × 48本（2ケース）', 5180, '/images/products/common_case.jpg', 1, 73, 330),
(367, 185, '550ml × 24本ケース', 3300, '/images/products/185.jpg', 0, 200, 250),
(368, 185, '550ml × 48本（2ケース）', 6105, '/images/products/common_case.jpg', 1, 200, 250),
(369, 186, '550ml × 24本ケース', 3600, '/images/products/186.jpg', 0, 107, 550),
(370, 186, '550ml × 48本（2ケース）', 6660, '/images/products/common_case.jpg', 1, 45, 550),
(371, 187, '2L × 6本ケース', 1800, '/images/products/187.jpg', 0, 162, 2000),
(372, 187, '2L × 12本（2ケース）', 3330, '/images/products/common_case.jpg', 1, 11, 2000),
(373, 188, '2L × 6本ケース', 1650, '/images/products/188.jpg', 0, 41, 2000),
(374, 188, '2L × 12本（2ケース）', 3052, '/images/products/common_case.jpg', 1, 40, 2000),
(375, 189, '2L × 6本ケース', 1980, '/images/products/189.jpg', 0, 145, 2000),
(376, 189, '2L × 12本（2ケース）', 3663, '/images/products/common_case.jpg', 1, 81, 2000),
(377, 190, '500ml × 24本ケース', 3800, '/images/products/190.jpg', 0, 145, 500),
(378, 190, '500ml × 48本（2ケース）', 7030, '/images/products/common_case.jpg', 1, 67, 500),
(379, 191, '500ml × 24本ケース', 2800, '/images/products/191.jpg', 0, 95, 500),
(380, 191, '500ml × 48本（2ケース）', 5180, '/images/products/common_case.jpg', 1, 38, 500),
(381, 192, '550ml × 24本ケース', 3300, '/images/products/192.jpg', 0, 98, 550),
(382, 192, '550ml × 48本（2ケース）', 6105, '/images/products/common_case.jpg', 1, 94, 550),
(383, 193, '2L × 6本ケース', 1800, '/images/products/193.jpg', 0, 141, 2000),
(384, 193, '2L × 12本（2ケース）', 3330, '/images/products/common_case.jpg', 1, 80, 2000),
(385, 194, '2L × 6本ケース', 1800, '/images/products/194.jpg', 0, 128, 2000),
(386, 194, '2L × 12本（2ケース）', 3330, '/images/products/common_case.jpg', 1, 80, 2000),
(387, 195, '550ml × 24本ケース', 3600, '/images/products/195.jpg', 0, 136, 550),
(388, 195, '550ml × 48本（2ケース）', 6660, '/images/products/common_case.jpg', 1, 44, 550),
(389, 196, '550ml × 24本ケース', 3600, '/images/products/196.jpg', 0, 79, 550),
(390, 196, '550ml × 48本（2ケース）', 6660, '/images/products/common_case.jpg', 1, 25, 550),
(391, 197, '2L × 6本ケース', 1650, '/images/products/197.jpg', 0, 100, 2000),
(392, 197, '2L × 12本（2ケース）', 3052, '/images/products/common_case.jpg', 1, 25, 2000),
(393, 198, '2L × 6本ケース', 1650, '/images/products/198.jpg', 0, 69, 2000),
(394, 198, '2L × 12本（2ケース）', 3052, '/images/products/common_case.jpg', 1, 37, 2000),
(395, 199, '2L × 6本ケース', 1980, '/images/products/199.jpg', 0, 84, 2000),
(396, 199, '2L × 12本（2ケース）', 3663, '/images/products/common_case.jpg', 1, 85, 2000),
(397, 200, '2L × 6本ケース', 1800, '/images/products/200.jpg', 0, 45, 2000),
(398, 200, '2L × 12本（2ケース）', 3330, '/images/products/common_case.jpg', 1, 34, 2000),
(399, 201, '550ml × 24本ケース', 3300, '/images/products/201.jpg', 0, 112, 550),
(400, 201, '550ml × 48本（2ケース）', 6105, '/images/products/common_case.jpg', 1, 32, 550),
(401, 202, '550ml × 24本ケース', 2980, '/images/products/202.jpg', 0, 156, 550),
(402, 202, '550ml × 48本（2ケース）', 5513, '/images/products/common_case.jpg', 1, 25, 550),
(403, 203, '550ml × 24本ケース', 2980, '/images/products/203.jpg', 0, 133, 250),
(404, 203, '550ml × 48本（2ケース）', 5513, '/images/products/common_case.jpg', 1, 50, 250);

-- --------------------------------------------------------

--
-- テーブルの構造 `stock_histories`
--

CREATE TABLE `stock_histories` (
  `id` int(11) NOT NULL,
  `variant_id` int(11) NOT NULL,
  `type` varchar(10) NOT NULL,
  `quantity` int(11) NOT NULL,
  `order_id` int(11) DEFAULT NULL,
  `processed_at` datetime NOT NULL DEFAULT current_timestamp()
) ENGINE=InnoDB DEFAULT CHARSET=utf8mb4 COLLATE=utf8mb4_general_ci;

--
-- テーブルのデータのダンプ `stock_histories`
--

INSERT INTO `stock_histories` (`id`, `variant_id`, `type`, `quantity`, `order_id`, `processed_at`) VALUES
(1, 1, '出荷', -2, 1, '2026-06-21 10:05:00'),
(2, 2, '出荷', -1, 1, '2026-06-21 10:05:00'),
(3, 3, '出荷', -1, 2, '2026-06-22 09:16:00'),
(4, 4, '仕入れ', 50, NULL, '2026-06-22 10:00:00'),
(5, 367, '手動調整', 100, NULL, '2026-07-01 10:03:38'),
(6, 368, '手動調整', 200, NULL, '2026-07-01 10:03:38'),
(7, 367, '手動調整', -44, NULL, '2026-07-01 10:03:59'),
(8, 368, '手動調整', -37, NULL, '2026-07-01 10:03:59'),
(9, 1, '初期登録', 1000, NULL, '2026-07-02 09:28:13'),
(10, 403, '手動調整', 100, NULL, '2026-07-09 13:48:24'),
(11, 404, '手動調整', -30, NULL, '2026-07-09 13:48:24');

-- --------------------------------------------------------

--
-- テーブルの構造 `users`
--

CREATE TABLE `users` (
  `id` int(11) NOT NULL,
  `last_name` varchar(255) NOT NULL,
  `first_name` varchar(255) NOT NULL,
  `last_name_kana` varchar(255) NOT NULL,
  `first_name_kana` varchar(255) NOT NULL,
  `email` varchar(255) NOT NULL,
  `password` varchar(255) NOT NULL,
  `phone_number` varchar(20) NOT NULL,
  `postal_code` varchar(7) NOT NULL,
  `prefecture` varchar(50) NOT NULL,
  `address1` varchar(255) NOT NULL,
  `address2` varchar(255) DEFAULT NULL,
  `created_at` datetime NOT NULL DEFAULT current_timestamp(),
  `is_withdrawn` tinyint(1) NOT NULL DEFAULT 0,
  `withdrawn_at` datetime DEFAULT NULL
) ENGINE=InnoDB DEFAULT CHARSET=utf8mb4 COLLATE=utf8mb4_general_ci;

--
-- テーブルのデータのダンプ `users`
--

INSERT INTO `users` (`id`, `last_name`, `first_name`, `last_name_kana`, `first_name_kana`, `email`, `password`, `phone_number`, `postal_code`, `prefecture`, `address1`, `address2`, `created_at`, `is_withdrawn`, `withdrawn_at`) VALUES
(1, '山田', '太郎', 'ヤマダ', 'タロウ', 'yamada@example.com', '1234', '09012345678', '1000001', '東京都', '千代田区千代田1-1', '大手町ビル5F', '2026-06-22 11:15:19', 0, NULL),
(2, '佐藤', '美咲', 'サトウ', 'ミサキ', 'sato@example.com', '$2y$10$abcdefghijklmnopqrstuv', '08098765432', '5300001', '大阪府', '大阪市北区梅田1-1', '梅田タワー102', '2026-06-22 11:15:19', 0, NULL),
(4, '田中', '次郎', 'タナカ', 'ジロウ', 'tanaka@example.com', '$2a$10$roxEIc/5.U7xULJvSgqgTu7Gmt8i9jWHMGQTE4xO3AxkwguErLRDK', '11111111111', '1111111', 'a', 'a', 'a', '2026-06-23 14:17:05', 0, NULL),
(5, '鈴木', '真知子', 'スズキ', 'マチコ', 'suzuki@example.com', '$2a$10$EH4/FzrtIOAiJc6kqXvHE.wKAlQ.BkXQK5NRVS7G4CqUhcnRp5Omi', '111111111111', '1111111', '岐阜県', '岐阜市ああ町1－1', 'qビル101', '2026-06-29 13:51:59', 0, NULL),
(6, '鈴木', '次郎', 'スズキ', 'ジロウ', 'suzuki@dot.com', '$2a$10$GurO3kqlsMrk64FXn5qDguVg7KkLJxuCnXQmJgorONIn55JeuMf66', '123456789', '1234567', '岐阜県', '各務原市', '', '2026-07-03 10:38:17', 0, NULL),
(7, 'a', 'a', 'a', 'a', 'a@a', '$2a$10$3s00k7WgskDVm9poe1y9Z.Zp5Hq82ktslS8aD7Y4L/kCc5/.qsm3q', '09012345678', '5000000', 'あ', 'あ', '', '2026-07-09 13:28:43', 0, NULL),
(14, '田中', 'タナコ', 'タナカ', 'タナコ', 'tanaka@test', '$2a$10$BrzSTTssmg.e0.e1WnKxZed3mHbw3Yyjv0agx.wdcP2Jq90Srzv6q', '09012345678', '5000000', '岐阜県', '岐阜市ああ町1－1', '', '2026-07-10 14:40:04', 1, '2026-07-10 14:51:21'),
(15, 'bbb', 'bbb', 'bbb', 'bbb', 'bbb@bbb.com', '$2a$10$k4wjI.JF10lB07Y3HVC1/e3MnGtfFvo14N9IqHAsv7GTGGrrZC1Iq', '09012345678', '5000000', '東京都', '品川区大井', 'あ101', '2026-07-13 10:37:01', 1, '2026-07-13 10:37:14'),
(16, '火花', '花火', 'ヒバナ', 'ハナビ', 'hibana@hibana.com', '$2a$10$Idn5u.Q1Xgziw1W6euG/zeJSn05QDXOcTtLdn.9edxiSYz8a68B7a', '11111111111', '1111111', '火花県', '花火市火花町', 'ヒバナー', '2026-07-13 11:30:02', 0, NULL),
(17, 'teru', 'tata', 'テル', 'タタ', 'tatateru33434@gmail.com', '$2a$10$GjkaSdf4lLZtuJJFdizRJewM7PaV8FYf7Xh42Fw/4QHIwNiWMfPpy', '111-111-1111', '1111', '岐阜県', '各務原市', '', '2026-07-13 11:31:59', 0, NULL),
(18, '室井', '優希', 'ムロイ', 'ユウキ', 'kensyuym@gmail.com', '$2a$10$YagbZIp/xIjqXFKLCIcS1u2dqhhAP98xsXQr/OsZaeYOLT3fh3s06', '07080808080', '5032121', '岐阜県', '不破郡垂井町〇〇〇-〇', 'なし', '2026-07-13 11:44:54', 0, NULL);

--
-- ダンプしたテーブルのインデックス
--

--
-- テーブルのインデックス `campaign_banners`
--
ALTER TABLE `campaign_banners`
  ADD PRIMARY KEY (`id`);

--
-- テーブルのインデックス `delivery`
--
ALTER TABLE `delivery`
  ADD PRIMARY KEY (`id`);

--
-- テーブルのインデックス `django_content_type`
--
ALTER TABLE `django_content_type`
  ADD PRIMARY KEY (`id`),
  ADD UNIQUE KEY `django_content_type_app_label_model_76bd3d3b_uniq` (`app_label`,`model`);

--
-- テーブルのインデックス `django_migrations`
--
ALTER TABLE `django_migrations`
  ADD PRIMARY KEY (`id`);

--
-- テーブルのインデックス `inquiries`
--
ALTER TABLE `inquiries`
  ADD PRIMARY KEY (`id`);

--
-- テーブルのインデックス `news`
--
ALTER TABLE `news`
  ADD PRIMARY KEY (`id`);

--
-- テーブルのインデックス `orders`
--
ALTER TABLE `orders`
  ADD PRIMARY KEY (`id`),
  ADD KEY `user_id` (`user_id`),
  ADD KEY `delivery_id` (`delivery_id`);

--
-- テーブルのインデックス `order_details`
--
ALTER TABLE `order_details`
  ADD PRIMARY KEY (`id`),
  ADD KEY `order_id` (`order_id`),
  ADD KEY `variant_id` (`variant_id`);

--
-- テーブルのインデックス `products`
--
ALTER TABLE `products`
  ADD PRIMARY KEY (`id`);

--
-- テーブルのインデックス `product_images`
--
ALTER TABLE `product_images`
  ADD PRIMARY KEY (`id`),
  ADD KEY `product_id` (`product_id`);

--
-- テーブルのインデックス `product_variants`
--
ALTER TABLE `product_variants`
  ADD PRIMARY KEY (`id`),
  ADD KEY `product_id` (`product_id`);

--
-- テーブルのインデックス `stock_histories`
--
ALTER TABLE `stock_histories`
  ADD PRIMARY KEY (`id`),
  ADD KEY `variant_id` (`variant_id`),
  ADD KEY `order_id` (`order_id`);

--
-- テーブルのインデックス `users`
--
ALTER TABLE `users`
  ADD PRIMARY KEY (`id`),
  ADD UNIQUE KEY `email` (`email`);

--
-- ダンプしたテーブルの AUTO_INCREMENT
--

--
-- テーブルの AUTO_INCREMENT `campaign_banners`
--
ALTER TABLE `campaign_banners`
  MODIFY `id` int(11) NOT NULL AUTO_INCREMENT, AUTO_INCREMENT=18;

--
-- テーブルの AUTO_INCREMENT `delivery`
--
ALTER TABLE `delivery`
  MODIFY `id` int(11) NOT NULL AUTO_INCREMENT, AUTO_INCREMENT=19;

--
-- テーブルの AUTO_INCREMENT `django_content_type`
--
ALTER TABLE `django_content_type`
  MODIFY `id` int(11) NOT NULL AUTO_INCREMENT, AUTO_INCREMENT=2;

--
-- テーブルの AUTO_INCREMENT `django_migrations`
--
ALTER TABLE `django_migrations`
  MODIFY `id` bigint(20) NOT NULL AUTO_INCREMENT, AUTO_INCREMENT=19;

--
-- テーブルの AUTO_INCREMENT `inquiries`
--
ALTER TABLE `inquiries`
  MODIFY `id` int(11) NOT NULL AUTO_INCREMENT, AUTO_INCREMENT=11;

--
-- テーブルの AUTO_INCREMENT `news`
--
ALTER TABLE `news`
  MODIFY `id` int(11) NOT NULL AUTO_INCREMENT, AUTO_INCREMENT=6;

--
-- テーブルの AUTO_INCREMENT `orders`
--
ALTER TABLE `orders`
  MODIFY `id` int(11) NOT NULL AUTO_INCREMENT, AUTO_INCREMENT=31;

--
-- テーブルの AUTO_INCREMENT `order_details`
--
ALTER TABLE `order_details`
  MODIFY `id` int(11) NOT NULL AUTO_INCREMENT, AUTO_INCREMENT=31;

--
-- テーブルの AUTO_INCREMENT `products`
--
ALTER TABLE `products`
  MODIFY `id` int(11) NOT NULL AUTO_INCREMENT, AUTO_INCREMENT=208;

--
-- テーブルの AUTO_INCREMENT `product_images`
--
ALTER TABLE `product_images`
  MODIFY `id` int(11) NOT NULL AUTO_INCREMENT, AUTO_INCREMENT=4384;

--
-- テーブルの AUTO_INCREMENT `product_variants`
--
ALTER TABLE `product_variants`
  MODIFY `id` int(11) NOT NULL AUTO_INCREMENT, AUTO_INCREMENT=407;

--
-- テーブルの AUTO_INCREMENT `stock_histories`
--
ALTER TABLE `stock_histories`
  MODIFY `id` int(11) NOT NULL AUTO_INCREMENT, AUTO_INCREMENT=13;

--
-- テーブルの AUTO_INCREMENT `users`
--
ALTER TABLE `users`
  MODIFY `id` int(11) NOT NULL AUTO_INCREMENT, AUTO_INCREMENT=19;

--
-- ダンプしたテーブルの制約
--

--
-- テーブルの制約 `orders`
--
ALTER TABLE `orders`
  ADD CONSTRAINT `orders_ibfk_1` FOREIGN KEY (`user_id`) REFERENCES `users` (`id`),
  ADD CONSTRAINT `orders_ibfk_2` FOREIGN KEY (`delivery_id`) REFERENCES `delivery` (`id`);

--
-- テーブルの制約 `order_details`
--
ALTER TABLE `order_details`
  ADD CONSTRAINT `order_details_ibfk_1` FOREIGN KEY (`order_id`) REFERENCES `orders` (`id`) ON DELETE CASCADE,
  ADD CONSTRAINT `order_details_ibfk_2` FOREIGN KEY (`variant_id`) REFERENCES `product_variants` (`id`);

--
-- テーブルの制約 `product_images`
--
ALTER TABLE `product_images`
  ADD CONSTRAINT `product_images_ibfk_1` FOREIGN KEY (`product_id`) REFERENCES `products` (`id`) ON DELETE CASCADE;

--
-- テーブルの制約 `product_variants`
--
ALTER TABLE `product_variants`
  ADD CONSTRAINT `product_variants_ibfk_1` FOREIGN KEY (`product_id`) REFERENCES `products` (`id`) ON DELETE CASCADE;

--
-- テーブルの制約 `stock_histories`
--
ALTER TABLE `stock_histories`
  ADD CONSTRAINT `stock_histories_ibfk_1` FOREIGN KEY (`variant_id`) REFERENCES `product_variants` (`id`) ON DELETE CASCADE,
  ADD CONSTRAINT `stock_histories_ibfk_2` FOREIGN KEY (`order_id`) REFERENCES `orders` (`id`) ON DELETE SET NULL;
COMMIT;

/*!40101 SET CHARACTER_SET_CLIENT=@OLD_CHARACTER_SET_CLIENT */;
/*!40101 SET CHARACTER_SET_RESULTS=@OLD_CHARACTER_SET_RESULTS */;
/*!40101 SET COLLATION_CONNECTION=@OLD_COLLATION_CONNECTION */;
